Workbook

Sheet Maliyet Talebi
A1: # | B1: Etsy ID | C1: Urun / Product | D1: Durum | E1: Form | F1: Genislik mm (cikarim) | G1: Shank mm | H1: Kalinlik mm | I1: Basliktaki mm | J1: KONTROL | K1: Tas (aciklamadan) | L1: GRAM 14K (US 7) | M1: ISCILIK USD | N1: TAS+MIHLAMA USD | O1: DOKUM+DIGER USD | P1: URETICI NOTU | Q1: Metal maliyeti USD | R1: TOPLAM MALIYET USD | S1: Bizim gram tahminimiz | T1: Etsy link
A2: 1 | B2: 4556227760 | C2: 11mm Dome Band Ring | Chunky Minimalist Statement Ring, Stacking Jewelry | D2: Pasif | E2: dome | F2: 11 | G2: 3.5 | H2: 1.5 | I2: 11 | K2: yok / none | Q2: =IF($L2="","",$L2*Varsayimlar!$B$5*(1+Varsayimlar!$B$7)) | R2: =IF($L2="","",$Q2+N($M2)+N($N2)+N($O2)) | S2: 8.67 | T2: https://www.etsy.com/listing/4556227760/dome-band-ring-wide-dome-ring-chunky
A3: 2 | B3: 4543752254 | C3: 1mm Thin Stacking Ring | Minimalist Dainty Band | Simple Everyday Gold Silver Jewelry | D3: Pasif | E3: band | F3: 1 | H3: 1.5 | I3: 1 | K3: tekil/aksan tas | Q3: =IF($L3="","",$L3*Varsayimlar!$B$5*(1+Varsayimlar!$B$7)) | R3: =IF($L3="","",$Q3+N($M3)+N($N3)+N($O3)) | S3: 1.2 | T3: https://www.etsy.com/listing/4543752254/1mm-thin-stacking-ring-minimalist-dainty
A4: 3 | B4: 4546852268 | C4: 2mm Smooth Gold Band Ring | Minimalist Wedding, Stacking, Promise Jewelry | D4: Pasif | E4: band | F4: 2 | H4: 1.5 | I4: 2 | K4: tam eternity | Q4: =IF($L4="","",$L4*Varsayimlar!$B$5*(1+Varsayimlar!$B$7)) | R4: =IF($L4="","",$Q4+N($M4)+N($N4)+N($O4)) | S4: 2.39 | T4: https://www.etsy.com/listing/4546852268/2mm-smooth-gold-band-ring-minimalist
A5: 4 | B5: 4549686009 | C5: 4mm Curved Wedding Band Ring | Minimalist Stacking Bridal Ring | D5: Pasif | E5: band | F5: 4 | H5: 1.5 | I5: 4 | K5: yok / none | Q5: =IF($L5="","",$L5*Varsayimlar!$B$5*(1+Varsayimlar!$B$7)) | R5: =IF($L5="","",$Q5+N($M5)+N($N5)+N($O5)) | S5: 4.79 | T5: https://www.etsy.com/listing/4549686009/4mm-curved-wedding-band-ring-minimalist
A6: 5 | B6: 4543147022 | C6: 4mm Smooth Band Ring | Minimalist Wedding Stacking Ring | D6: Pasif | E6: band | F6: 4 | H6: 1.5 | I6: 4 | K6: yok / none | Q6: =IF($L6="","",$L6*Varsayimlar!$B$5*(1+Varsayimlar!$B$7)) | R6: =IF($L6="","",$Q6+N($M6)+N($N6)+N($O6)) | S6: 4.79 | T6: https://www.etsy.com/listing/4543147022/4mm-smooth-band-ring-minimalist-wedding
A7: 6 | B7: 4547299090 | C7: 4mm Summit Band Ring | Minimalist Wedding, Stacking, Promise Band | Modern Comfort Fit | D7: Pasif | E7: band | F7: 4 | G7: 4 | H7: 1.5 | I7: 4 | K7: yok / none | Q7: =IF($L7="","",$L7*Varsayimlar!$B$5*(1+Varsayimlar!$B$7)) | R7: =IF($L7="","",$Q7+N($M7)+N($N7)+N($O7)) | S7: 4.79 | T7: https://www.etsy.com/listing/4547299090/4mm-summit-band-ring-minimalist-wedding
A8: 7 | B8: 4543746594 | C8: 6mm Curved Band Ring | Minimalist Gold Silver Modern Stacking Jewelry | D8: Pasif | E8: band | F8: 6 | H8: 1.5 | I8: 6 | K8: yok / none | Q8: =IF($L8="","",$L8*Varsayimlar!$B$5*(1+Varsayimlar!$B$7)) | R8: =IF($L8="","",$Q8+N($M8)+N($N8)+N($O8)) | S8: 7.18 | T8: https://www.etsy.com/listing/4543746594/6mm-curved-band-ring-minimalist-gold
A9: 8 | B9: 4543233648 | C9: 6mm Smooth Wedding Band | Minimalist Comfort Fit Ring, Stackable Gift | D9: Pasif | E9: band | F9: 6 | H9: 1.5 | I9: 6 | K9: yok / none | Q9: =IF($L9="","",$L9*Varsayimlar!$B$5*(1+Varsayimlar!$B$7)) | R9: =IF($L9="","",$Q9+N($M9)+N($N9)+N($O9)) | S9: 7.18 | T9: https://www.etsy.com/listing/4543233648/6mm-smooth-wedding-band-minimalist
A10: 9 | B10: 4558001828 | C10: 7mm Pave Diamond Star Open Ring | Celestial Minimalist Jewelry | D10: Pasif | E10: band | F10: 7 | H10: 1.5 | I10: 7 | K10: pave | Q10: =IF($L10="","",$L10*Varsayimlar!$B$5*(1+Varsayimlar!$B$7)) | R10: =IF($L10="","",$Q10+N($M10)+N($N10)+N($O10)) | S10: 8.37 | T10: https://www.etsy.com/listing/4558001828/7mm-pave-diamond-star-open-ring-o
A11: 10 | B11: 4552138588 | C11: Aurora Lab Grown Sapphire Eternity Ring | Blue Sapphire Band, 3.10mm Width | D11: Pasif | E11: band | F11: 3.1 | H11: 1.5 | I11: 3.1 | K11: tam eternity | Q11: =IF($L11="","",$L11*Varsayimlar!$B$5*(1+Varsayimlar!$B$7)) | R11: =IF($L11="","",$Q11+N($M11)+N($N11)+N($O11)) | S11: 3.71 | T11: https://www.etsy.com/listing/4552138588/aurora-lab-grown-sapphire-eternity-ring
A12: 11 | B12: 4554955252 | C12: Aurora Oval Eternity Ring | Minimalist Diamond Band, Stackable Wedding Ring | D12: Pasif | E12: band | F12: 2.5 | G12: 2.5 | H12: 1.5 | K12: tam eternity | Q12: =IF($L12="","",$L12*Varsayimlar!$B$5*(1+Varsayimlar!$B$7)) | R12: =IF($L12="","",$Q12+N($M12)+N($N12)+N($O12)) | S12: 2.99 | T12: https://www.etsy.com/listing/4554955252/oval-eternity-ring-aurora-diamond-ring
A13: 12 | B13: 4558666025 | C13: Baguette Diamond Eternity Ring | Thin Stackable Wedding Band | Minimalist Bridal Jewelry | D13: Pasif | E13: band | F13: 1.95 | H13: 1.5 | K13: tam eternity (baget) | Q13: =IF($L13="","",$L13*Varsayimlar!$B$5*(1+Varsayimlar!$B$7)) | R13: =IF($L13="","",$Q13+N($M13)+N($N13)+N($O13)) | S13: 2.33 | T13: https://www.etsy.com/listing/4558666025/baguette-eternity-ring-diamond-wedding
A14: 13 | B14: 4559889337 | C14: Baguette Diamond Half Eternity Ring | 1.45mm Slim Stacking Wedding Band | D14: Pasif | E14: band | F14: 1.45 | H14: 1.5 | I14: 1.45 | K14: yarim eternity (baget) | Q14: =IF($L14="","",$L14*Varsayimlar!$B$5*(1+Varsayimlar!$B$7)) | R14: =IF($L14="","",$Q14+N($M14)+N($N14)+N($O14)) | S14: 1.73 | T14: https://www.etsy.com/listing/4559889337/baguette-diamond-half-eternity-ring
A15: 14 | B15: 4559901602 | C15: Baguette Emerald Half Eternity Ring | Minimalist Stackable Band (2.35mm Top) | D15: Pasif | E15: band | F15: 2.35 | G15: 1.15 | H15: 1.5 | I15: 2.35 | K15: yarim eternity (baget) | Q15: =IF($L15="","",$L15*Varsayimlar!$B$5*(1+Varsayimlar!$B$7)) | R15: =IF($L15="","",$Q15+N($M15)+N($N15)+N($O15)) | S15: 2.09 | T15: https://www.etsy.com/listing/4559901602/emerald-baguette-half-eternity-ring
A16: 15 | B16: 4559862879 | C16: Baguette Emerald Open Ring | Minimalist Gold Gemstone Stackable Band | D16: Pasif | E16: band | F16: 1.1 | G16: 1.1 | H16: 1.5 | K16: baget | Q16: =IF($L16="","",$L16*Varsayimlar!$B$5*(1+Varsayimlar!$B$7)) | R16: =IF($L16="","",$Q16+N($M16)+N($N16)+N($O16)) | S16: 1.32 | T16: https://www.etsy.com/listing/4559862879/baguette-emerald-open-ring-emerald-green
A17: 16 | B17: 4553815586 | C17: Baguette Ring | Minimalist Stackable Diamond Band | Everyday Wedding Ring | D17: Pasif | E17: band | F17: 1 | G17: 1 | H17: 1.5 | I17: 1 | K17: baget | Q17: =IF($L17="","",$L17*Varsayimlar!$B$5*(1+Varsayimlar!$B$7)) | R17: =IF($L17="","",$Q17+N($M17)+N($N17)+N($O17)) | S17: 1.2 | T17: https://www.etsy.com/listing/4553815586/baguette-ring-minimalist-stackable
A18: 17 | B18: 4556230955 | C18: Bezel Emerald Half Eternity Band | Minimalist Stacking Ring | Anniversary Gift | D18: Pasif | E18: band | F18: 2.5 | G18: 1.3 | H18: 1.5 | K18: yarim eternity | Q18: =IF($L18="","",$L18*Varsayimlar!$B$5*(1+Varsayimlar!$B$7)) | R18: =IF($L18="","",$Q18+N($M18)+N($N18)+N($O18)) | S18: 2.27 | T18: https://www.etsy.com/listing/4556230955/bezel-emerald-half-eternity-band-emerald
A19: 18 | B19: 4556240933 | C19: Boa Gemstone Coil Ring | Serpent Inspired Wrap Statement Ring | D19: Pasif | E19: band | F19: 9.7 | H19: 1.5 | K19: tekil/aksan tas | Q19: =IF($L19="","",$L19*Varsayimlar!$B$5*(1+Varsayimlar!$B$7)) | R19: =IF($L19="","",$Q19+N($M19)+N($N19)+N($O19)) | S19: 11.6 | T19: https://www.etsy.com/listing/4556240933/boa-gemstone-coil-ring-serpent-inspired
A20: 19 | B20: 4549692483 | C20: Bold Diamond Eternity Band | 4mm Wedding Ring, Minimalist Bridal Stacking Band | D20: Pasif | E20: band | F20: 4 | H20: 1.5 | I20: 4 | K20: tam eternity | Q20: =IF($L20="","",$L20*Varsayimlar!$B$5*(1+Varsayimlar!$B$7)) | R20: =IF($L20="","",$Q20+N($M20)+N($N20)+N($O20)) | S20: 4.79 | T20: https://www.etsy.com/listing/4549692483/bold-diamond-eternity-band-4mm-wedding
A21: 20 | B21: 4544917788 | C21: Bold Diamond Eternity Ring | 2.6mm Gold Wedding Band, Stacking Ring | D21: Pasif | E21: band | F21: 2.6 | H21: 1.5 | I21: 2.6 | K21: tam eternity | Q21: =IF($L21="","",$L21*Varsayimlar!$B$5*(1+Varsayimlar!$B$7)) | R21: =IF($L21="","",$Q21+N($M21)+N($N21)+N($O21)) | S21: 3.11 | T21: https://www.etsy.com/listing/4544917788/bold-diamond-eternity-ring-26mm-gold
A22: 21 | B22: 4552128868 | C22: Bold Dot Ring | Minimalist Stacking Band | Modern Everyday Jewelry (3.6mm Wide) | D22: Pasif | E22: band | F22: 3.6 | H22: 1.6 | I22: 3.6 | K22: yok / none | Q22: =IF($L22="","",$L22*Varsayimlar!$B$5*(1+Varsayimlar!$B$7)) | R22: =IF($L22="","",$Q22+N($M22)+N($N22)+N($O22)) | S22: 4.59 | T22: https://www.etsy.com/listing/4552128868/bold-dot-ring-minimalist-stacking-band
A23: 22 | B23: 4545510477 | C23: Bold Line Eternity Band Ring | 3mm Minimalist Stacking Wedding Anniversary Band | D23: Pasif | E23: band | F23: 3 | H23: 1.5 | I23: 3 | K23: tam eternity | Q23: =IF($L23="","",$L23*Varsayimlar!$B$5*(1+Varsayimlar!$B$7)) | R23: =IF($L23="","",$Q23+N($M23)+N($N23)+N($O23)) | S23: 3.59 | T23: https://www.etsy.com/listing/4545510477/bold-line-eternity-band-ring-3mm
A24: 23 | B24: 4550930017 | C24: Bold Puzzle Stacking Ring | 3mm Gold Band, Modern Minimalist Statement Jewelry | D24: Pasif | E24: band | F24: 3 | G24: 3 | H24: 1.5 | I24: 3 | K24: yok / none | Q24: =IF($L24="","",$L24*Varsayimlar!$B$5*(1+Varsayimlar!$B$7)) | R24: =IF($L24="","",$Q24+N($M24)+N($N24)+N($O24)) | S24: 3.59 | T24: https://www.etsy.com/listing/4550930017/bold-puzzle-stacking-ring-3mm-gold-band
A25: 24 | B25: 4551550234 | C25: Bold Round Signet Ring | 13mm Top Width, 4mm Shank | Modern Statement Jewelry | D25: Pasif | E25: signet | F25: 13 | G25: 4 | H25: 1.5 | I25: 13 | K25: yok / none | Q25: =IF($L25="","",$L25*Varsayimlar!$B$5*(1+Varsayimlar!$B$7)) | R25: =IF($L25="","",$Q25+N($M25)+N($N25)+N($O25)) | S25: 10.17 | T25: https://www.etsy.com/listing/4551550234/bold-round-signet-ring-13mm-top-width
A26: 25 | B26: 4554965833 | C26: Bold Stacker Ring | Minimalist Band, 3mm Width, Everyday Jewelry | D26: Pasif | E26: band | F26: 3 | H26: 1.5 | I26: 3 | K26: yok / none | Q26: =IF($L26="","",$L26*Varsayimlar!$B$5*(1+Varsayimlar!$B$7)) | R26: =IF($L26="","",$Q26+N($M26)+N($N26)+N($O26)) | S26: 3.59 | T26: https://www.etsy.com/listing/4554965833/bold-stacking-ring-chunky-stacker-ring
A27: 26 | B27: 4546827813 | C27: Braided Wedding Band | Minimalist Woven Ring, Stackable Jewelry (4.45mm) | D27: Pasif | E27: band | F27: 4.45 | H27: 1.5 | I27: 4.45 | K27: tam eternity | Q27: =IF($L27="","",$L27*Varsayimlar!$B$5*(1+Varsayimlar!$B$7)) | R27: =IF($L27="","",$Q27+N($M27)+N($N27)+N($O27)) | S27: 5.32 | T27: https://www.etsy.com/listing/4546827813/braided-wedding-band-minimalist-woven
A28: 27 | B28: 4554957582 | C28: Celestial Dome Ring | Sterling Silver Minimalist Band | Everyday Stackable Jewelry | D28: Pasif | E28: dome | F28: 5.6 | G28: 1.65 | H28: 1.5 | K28: yok / none | Q28: =IF($L28="","",$L28*Varsayimlar!$B$5*(1+Varsayimlar!$B$7)) | R28: =IF($L28="","",$Q28+N($M28)+N($N28)+N($O28)) | S28: 4.34 | T28: https://www.etsy.com/listing/4554957582/celestial-dome-ring-sterling-silver-dome
A29: 28 | B29: 4549031600 | C29: Charlotte Bold Gold Ring | Wide Band Minimalist Statement Jewelry | D29: Pasif | E29: band | F29: 9.35 | H29: 1.5 | K29: yok / none | Q29: =IF($L29="","",$L29*Varsayimlar!$B$5*(1+Varsayimlar!$B$7)) | R29: =IF($L29="","",$Q29+N($M29)+N($N29)+N($O29)) | S29: 11.19 | T29: https://www.etsy.com/listing/4549031600/charlotte-bold-gold-ring-wide-band
A30: 29 | B30: 4552100498 | C30: Charlotte Crest Gold Stacking Ring | Minimalist Dainty Band, 2.8mm Everyday Jewelry | D30: Pasif | E30: band | F30: 2.8 | H30: 1.5 | I30: 2.8 | K30: yok / none | Q30: =IF($L30="","",$L30*Varsayimlar!$B$5*(1+Varsayimlar!$B$7)) | R30: =IF($L30="","",$Q30+N($M30)+N($N30)+N($O30)) | S30: 3.35 | T30: https://www.etsy.com/listing/4552100498/charlotte-crest-gold-stacking-ring
A31: 30 | B31: 4554964031 | C31: Charlotte Ring | 6.35mm Wide Chunky Band Statement Ring | D31: Pasif | E31: band | F31: 6.35 | H31: 1.5 | I31: 6.35 | K31: yok / none | Q31: =IF($L31="","",$L31*Varsayimlar!$B$5*(1+Varsayimlar!$B$7)) | R31: =IF($L31="","",$Q31+N($M31)+N($N31)+N($O31)) | S31: 7.6 | T31: https://www.etsy.com/listing/4554964031/charlotte-ring-chunky-band-ring
A32: 31 | B32: 4550953712 | C32: Charlotte Stacker Ring Set | Minimalist Band, 6.20mm Width, Dainty Jewelry | D32: Pasif | E32: band | F32: 6.2 | H32: 1.5 | I32: 6.2 | K32: yok / none | Q32: =IF($L32="","",$L32*Varsayimlar!$B$5*(1+Varsayimlar!$B$7)) | R32: =IF($L32="","",$Q32+N($M32)+N($N32)+N($O32)) | S32: 7.42 | T32: https://www.etsy.com/listing/4550953712/charlotte-stacker-ring-set-minimalist
A33: 32 | B33: 4553157256 | C33: Chunky Dome Ring | Modern Gold Statement Band | Minimalist Jewelry (6.3mm Top Width) | D33: Pasif | E33: dome | F33: 6.3 | G33: 2 | H33: 1.5 | I33: 6.3 | K33: yok / none | Q33: =IF($L33="","",$L33*Varsayimlar!$B$5*(1+Varsayimlar!$B$7)) | R33: =IF($L33="","",$Q33+N($M33)+N($N33)+N($O33)) | S33: 4.96 | T33: https://www.etsy.com/listing/4553157256/chunky-dome-ring-modern-gold-statement
A34: 33 | B34: 4556249030 | C34: Chunky Dome Statement Ring | Minimalist Gold Band, Stackable Modern Jewelry | D34: Pasif | E34: dome | F34: 5.8 | H34: 1.5 | K34: yok / none | Q34: =IF($L34="","",$L34*Varsayimlar!$B$5*(1+Varsayimlar!$B$7)) | R34: =IF($L34="","",$Q34+N($M34)+N($N34)+N($O34)) | S34: 6.94 | T34: https://www.etsy.com/listing/4556249030/dome-figure-ring-o-dome-statement-ring-o
A35: 34 | B35: 4552026081 | C35: Colosseum Wide Band Ring | Modern Minimalist Gold Statement Jewelry | D35: Pasif | E35: band | F35: 1.5 | H35: 1.5 | K35: yok / none | Q35: =IF($L35="","",$L35*Varsayimlar!$B$5*(1+Varsayimlar!$B$7)) | R35: =IF($L35="","",$Q35+N($M35)+N($N35)+N($O35)) | S35: 1.79 | T35: https://www.etsy.com/listing/4552026081/colosseum-wide-band-ring-modern
A36: 35 | B36: 4552085145 | C36: Courage Signet Ring | Bold Minimalist Statement Jewelry (13mm Top) | D36: Pasif | E36: signet | F36: 13 | G36: 1.7 | H36: 1.5 | I36: 13 | K36: yok / none | Q36: =IF($L36="","",$L36*Varsayimlar!$B$5*(1+Varsayimlar!$B$7)) | R36: =IF($L36="","",$Q36+N($M36)+N($N36)+N($O36)) | S36: 8.79 | T36: https://www.etsy.com/listing/4552085145/courage-signet-ring-bold-minimalist
A37: 36 | B37: 4551576045 | C37: Curved Gold Band Ring | Minimalist 2mm Stacking Wedding Ring | D37: Pasif | E37: band | F37: 2 | H37: 1.5 | I37: 2 | K37: yok / none | Q37: =IF($L37="","",$L37*Varsayimlar!$B$5*(1+Varsayimlar!$B$7)) | R37: =IF($L37="","",$Q37+N($M37)+N($N37)+N($O37)) | S37: 2.39 | T37: https://www.etsy.com/listing/4551576045/curved-gold-band-ring-minimalist-2mm
A38: 37 | B38: 4538876982 | C38: Curved Pave Diamond Nesting Ring, Solid Gold | D38: Pasif | E38: band | F38: 1.5 | H38: 1.5 | K38: pave | Q38: =IF($L38="","",$L38*Varsayimlar!$B$5*(1+Varsayimlar!$B$7)) | R38: =IF($L38="","",$Q38+N($M38)+N($N38)+N($O38)) | S38: 1.79 | T38: https://www.etsy.com/listing/4538876982/dome-pave-diamond-ring-curved-wave
A39: 38 | B39: 4557310374 | C39: Dainty Pearl and Diamond Ring | Slim 1mm Band, Minimalist Jewelry | D39: Pasif | E39: band | F39: 1 | H39: 1.5 | I39: 1 | K39: yok / none | Q39: =IF($L39="","",$L39*Varsayimlar!$B$5*(1+Varsayimlar!$B$7)) | R39: =IF($L39="","",$Q39+N($M39)+N($N39)+N($O39)) | S39: 1.2 | T39: https://www.etsy.com/listing/4557310374/beverly-ring-dainty-stacking-ring-slim
A40: 39 | B40: 4545535248 | C40: Diamond Cluster Engagement Ring | Elegant Statement Bridal Wedding Band | D40: Pasif | E40: band | F40: 7 | G40: 2 | H40: 1.5 | K40: tekil/aksan tas | Q40: =IF($L40="","",$L40*Varsayimlar!$B$5*(1+Varsayimlar!$B$7)) | R40: =IF($L40="","",$Q40+N($M40)+N($N40)+N($O40)) | S40: 5.38 | T40: https://www.etsy.com/listing/4545535248/diamond-cluster-engagement-ring-elegant
A41: 40 | B41: 4558673647 | C41: Diamond Coil Ring | Modern Spiral Band, 9.8mm Width | D41: Pasif | E41: band | F41: 9.8 | H41: 1.5 | I41: 9.8 | K41: tekil/aksan tas | Q41: =IF($L41="","",$L41*Varsayimlar!$B$5*(1+Varsayimlar!$B$7)) | R41: =IF($L41="","",$Q41+N($M41)+N($N41)+N($O41)) | S41: 11.72 | T41: https://www.etsy.com/listing/4558673647/diamond-coil-ring-modern-spiral-band
A42: 41 | B42: 4557295667 | C42: Diamond Eternity Band | Minimalist 2.8mm Wedding Ring for Women | D42: Pasif | E42: band | F42: 2.8 | H42: 1.5 | I42: 2.8 | K42: tam eternity | Q42: =IF($L42="","",$L42*Varsayimlar!$B$5*(1+Varsayimlar!$B$7)) | R42: =IF($L42="","",$Q42+N($M42)+N($N42)+N($O42)) | S42: 3.35 | T42: https://www.etsy.com/listing/4557295667/diamond-eternity-band-dainty-diamond
A43: 42 | B43: 4552114869 | C43: Diamond Half Eternity Ring | 2.5mm Bold Wedding Band, Stackable Bridal Jewelry | D43: Pasif | E43: band | F43: 2.5 | H43: 1.5 | I43: 2.5 | K43: yarim eternity | Q43: =IF($L43="","",$L43*Varsayimlar!$B$5*(1+Varsayimlar!$B$7)) | R43: =IF($L43="","",$Q43+N($M43)+N($N43)+N($O43)) | S43: 2.99 | T43: https://www.etsy.com/listing/4552114869/diamond-half-eternity-ring-25mm-bold
A44: 43 | B44: 4547301260 | C44: Diamond Stacking Ring | Minimalist Wedding Band, Dainty Promise Ring, Everyday Wear | D44: Pasif | E44: band | F44: 1.6 | G44: 1.6 | H44: 1.5 | K44: tekil/aksan tas | Q44: =IF($L44="","",$L44*Varsayimlar!$B$5*(1+Varsayimlar!$B$7)) | R44: =IF($L44="","",$Q44+N($M44)+N($N44)+N($O44)) | S44: 1.91 | T44: https://www.etsy.com/listing/4547301260/diamond-stacking-ring-minimalist-wedding
A45: 44 | B45: 4552097960 | C45: Dome Figure Balance Ring | Sculptural Minimalist Statement (3.4mm Wide) | D45: Pasif | E45: dome | F45: 3.4 | H45: 1.5 | I45: 3.4 | K45: yok / none | Q45: =IF($L45="","",$L45*Varsayimlar!$B$5*(1+Varsayimlar!$B$7)) | R45: =IF($L45="","",$Q45+N($M45)+N($N45)+N($O45)) | S45: 4.07 | T45: https://www.etsy.com/listing/4552097960/dome-figure-balance-ring-o-sculptural
A46: 45 | B46: 4544906099 | C46: Duo Beaded Stacker Ring | Minimalist Gold Band, Everyday Jewelry (2.9mm Width) | D46: Pasif | E46: band | F46: 2.9 | H46: 1.5 | I46: 2.9 | K46: yok / none | Q46: =IF($L46="","",$L46*Varsayimlar!$B$5*(1+Varsayimlar!$B$7)) | R46: =IF($L46="","",$Q46+N($M46)+N($N46)+N($O46)) | S46: 3.47 | T46: https://www.etsy.com/listing/4544906099/duo-beaded-stacker-ring-minimalist-gold
A47: 46 | B47: 4554958199 | C47: Emerald Diamond Wishbone Ring | Curved Stacking Wedding Band | D47: Pasif | E47: band | F47: 1 | G47: 1 | H47: 1.5 | K47: tekil/aksan tas | Q47: =IF($L47="","",$L47*Varsayimlar!$B$5*(1+Varsayimlar!$B$7)) | R47: =IF($L47="","",$Q47+N($M47)+N($N47)+N($O47)) | S47: 1.2 | T47: https://www.etsy.com/listing/4554958199/emerald-diamond-ring-wishbone-wedding
A48: 47 | B48: 4553159638 | C48: Enamel Charlotte Stacker Ring | Colorful Band with 1.75mm Stone, Everyday Minimalist | D48: Pasif | E48: band | F48: 3.3 | H48: 1.5 | I48: 1.75 | K48: tekil/aksan tas | Q48: =IF($L48="","",$L48*Varsayimlar!$B$5*(1+Varsayimlar!$B$7)) | R48: =IF($L48="","",$Q48+N($M48)+N($N48)+N($O48)) | S48: 3.95 | T48: https://www.etsy.com/listing/4553159638/enamel-charlotte-stacker-ring-colorful
A49: 48 | B49: 4549712730 | C49: Gemstone Trillion Stacker Ring | Minimalist Wedding Band, 3mm Band | D49: Pasif | E49: band | F49: 3 | H49: 1.5 | I49: 3 | K49: tam eternity | Q49: =IF($L49="","",$L49*Varsayimlar!$B$5*(1+Varsayimlar!$B$7)) | R49: =IF($L49="","",$Q49+N($M49)+N($N49)+N($O49)) | S49: 3.59 | T49: https://www.etsy.com/listing/4549712730/gemstone-trillion-stacker-ring
A50: 49 | B50: 4550924858 | C50: Gold Beaded Stacking Ring | Minimalist Everyday Band, Delicate Gift | D50: Pasif | E50: band | F50: 1.3 | H50: 1.5 | K50: yok / none | Q50: =IF($L50="","",$L50*Varsayimlar!$B$5*(1+Varsayimlar!$B$7)) | R50: =IF($L50="","",$Q50+N($M50)+N($N50)+N($O50)) | S50: 1.56 | T50: https://www.etsy.com/listing/4550924858/gold-beaded-stacking-ring-minimalist
A51: 50 | B51: 4557987114 | C51: Gold Dot Band Ring | Minimalist Stackable Everyday Jewelry | D51: Pasif | E51: band | F51: 2.3 | H51: 1.5 | K51: yok / none | Q51: =IF($L51="","",$L51*Varsayimlar!$B$5*(1+Varsayimlar!$B$7)) | R51: =IF($L51="","",$Q51+N($M51)+N($N51)+N($O51)) | S51: 2.75 | T51: https://www.etsy.com/listing/4557987114/dot-band-ring-stackable-ring-minimalist
A52: 51 | B52: 4550284137 | C52: Gold Pave Diamond Signet Ring | Minimalist Statement Pinky Ring | D52: Pasif | E52: signet | F52: 8 | G52: 1.5 | H52: 1.5 | K52: pave | Q52: =IF($L52="","",$L52*Varsayimlar!$B$5*(1+Varsayimlar!$B$7)) | R52: =IF($L52="","",$Q52+N($M52)+N($N52)+N($O52)) | S52: 5.68 | T52: https://www.etsy.com/listing/4550284137/gold-pave-diamond-signet-ring-o
A53: 52 | B53: 4550936365 | C53: Gold Pave Puzzle Ring | Minimalist Stacking Band, Everyday Jewelry | D53: Pasif | E53: band | F53: 1.5 | G53: 1.5 | H53: 1.5 | K53: pave | Q53: =IF($L53="","",$L53*Varsayimlar!$B$5*(1+Varsayimlar!$B$7)) | R53: =IF($L53="","",$Q53+N($M53)+N($N53)+N($O53)) | S53: 1.79 | T53: https://www.etsy.com/listing/4550936365/gold-pave-puzzle-ring-o-minimalist
A54: 53 | B54: 4550299061 | C54: Gold Signet Ring | Minimalist Pinky Ring, Dainty Stackable Jewelry | D54: Pasif | E54: signet | F54: 7 | G54: 1.8 | H54: 1.5 | K54: yok / none | Q54: =IF($L54="","",$L54*Varsayimlar!$B$5*(1+Varsayimlar!$B$7)) | R54: =IF($L54="","",$Q54+N($M54)+N($N54)+N($O54)) | S54: 5.26 | T54: https://www.etsy.com/listing/4550299061/gold-signet-ring-minimalist-pinky-ring
A55: 54 | B55: 4554955373 | C55: Heirloom Dome Ring | Modern Statement Wide Band, 8mm Top, Minimalist Everyday Jewelry | D55: Pasif | E55: band | F55: 8 | G55: 2.5 | H55: 1.5 | I55: 8 | K55: yok / none | Q55: =IF($L55="","",$L55*Varsayimlar!$B$5*(1+Varsayimlar!$B$7)) | R55: =IF($L55="","",$Q55+N($M55)+N($N55)+N($O55)) | S55: 6.28 | T55: https://www.etsy.com/listing/4554955373/heirloom-ring-dome-ring-modern-statement
A56: 55 | B56: 4556245256 | C56: Interconnected Wave Pave Diamond Ring | Modern Sculptural Statement Jewelry | D56: Pasif | E56: band | F56: 9.3 | G56: 1.25 | H56: 1.5 | K56: pave | Q56: =IF($L56="","",$L56*Varsayimlar!$B$5*(1+Varsayimlar!$B$7)) | R56: =IF($L56="","",$Q56+N($M56)+N($N56)+N($O56)) | S56: 6.31 | T56: https://www.etsy.com/listing/4556245256/wave-pave-diamond-ring-o-interlocking
A57: 56 | B57: 4546842479 | C57: Lab Grown Diamond Eternity Band | 1.7mm Wedding Ring, Stackable Anniversary Gift | D57: Pasif | E57: band | F57: 1.7 | G57: 1.7 | H57: 1.5 | I57: 1.7 | K57: tam eternity | Q57: =IF($L57="","",$L57*Varsayimlar!$B$5*(1+Varsayimlar!$B$7)) | R57: =IF($L57="","",$Q57+N($M57)+N($N57)+N($O57)) | S57: 2.03 | T57: https://www.etsy.com/listing/4546842479/lab-grown-diamond-eternity-band-17mm
A58: 57 | B58: 4552078311 | C58: Lab Grown Diamond Eternity Band | 3.1mm Wedding Ring, Stackable Anniversary Gift | D58: Pasif | E58: band | F58: 3.1 | H58: 1.5 | I58: 3.1 | K58: tam eternity | Q58: =IF($L58="","",$L58*Varsayimlar!$B$5*(1+Varsayimlar!$B$7)) | R58: =IF($L58="","",$Q58+N($M58)+N($N58)+N($O58)) | S58: 3.71 | T58: https://www.etsy.com/listing/4552078311/lab-grown-diamond-eternity-band-31mm
A59: 58 | B59: 4552097077 | C59: Lab Grown Diamond Line Ring | Minimalist Stacking Band (1.3mm Width) | D59: Pasif | E59: band | F59: 1.3 | H59: 1.5 | I59: 1.3 | K59: tekil/aksan tas | Q59: =IF($L59="","",$L59*Varsayimlar!$B$5*(1+Varsayimlar!$B$7)) | R59: =IF($L59="","",$Q59+N($M59)+N($N59)+N($O59)) | S59: 1.56 | T59: https://www.etsy.com/listing/4552097077/lab-grown-diamond-line-ring-minimalist
A60: 59 | B60: 4553792547 | C60: Lab Grown Sapphire Dome Ring | Pave Statement Band, 6.5mm Width | D60: Pasif | E60: dome | F60: 6.5 | H60: 1.5 | I60: 6.5 | K60: pave | Q60: =IF($L60="","",$L60*Varsayimlar!$B$5*(1+Varsayimlar!$B$7)) | R60: =IF($L60="","",$Q60+N($M60)+N($N60)+N($O60)) | S60: 7.78 | T60: https://www.etsy.com/listing/4553792547/lab-grown-sapphire-dome-ring-o-pave
A61: 60 | B61: 4557989576 | C61: Lacey Lab Grown Diamond Band | Delicate Stacking Wedding Ring | D61: Pasif | E61: band | F61: 2.3 | H61: 1.5 | K61: tekil/aksan tas | Q61: =IF($L61="","",$L61*Varsayimlar!$B$5*(1+Varsayimlar!$B$7)) | R61: =IF($L61="","",$Q61+N($M61)+N($N61)+N($O61)) | S61: 2.75 | T61: https://www.etsy.com/listing/4557989576/lab-grown-diamond-ring-lacey-diamond
A62: 61 | B62: 4553155082 | C62: Lacey Lab Grown Sapphire Ring | Dainty Engagement Ring | Minimalist Gemstone Jewelry | D62: Pasif | E62: band | F62: 2.5 | G62: 1.5 | H62: 1.5 | I62: 2.5 | K62: tekil/aksan tas | Q62: =IF($L62="","",$L62*Varsayimlar!$B$5*(1+Varsayimlar!$B$7)) | R62: =IF($L62="","",$Q62+N($M62)+N($N62)+N($O62)) | S62: 2.39 | T62: https://www.etsy.com/listing/4553155082/lacey-lab-grown-sapphire-ring-dainty
A63: 62 | B63: 4546179727 | C63: Meridian Band Ring | Minimalist Dome Design, Unisex Contemporary Jewelry | D63: Pasif | E63: dome | F63: 6 | G63: 6 | H63: 1.5 | K63: yok / none | Q63: =IF($L63="","",$L63*Varsayimlar!$B$5*(1+Varsayimlar!$B$7)) | R63: =IF($L63="","",$Q63+N($M63)+N($N63)+N($O63)) | S63: 7.18 | T63: https://www.etsy.com/listing/4546179727/meridian-band-ring-minimalist-dome
A64: 63 | B64: 4553808001 | C64: Metallic Sphere Ring | Minimalist 3mm Wide Band | Everyday Stacking Jewelry | D64: Pasif | E64: band | F64: 3 | H64: 1.5 | I64: 3 | K64: yok / none | Q64: =IF($L64="","",$L64*Varsayimlar!$B$5*(1+Varsayimlar!$B$7)) | R64: =IF($L64="","",$Q64+N($M64)+N($N64)+N($O64)) | S64: 3.59 | T64: https://www.etsy.com/listing/4553808001/metallic-sphere-ring-minimalist-3mm-wide
A65: 64 | B65: 4546184741 | C65: Minimalist Gold Dome Ring | Modern Open Band Everyday Jewelry (5mm Wide) | D65: Pasif | E65: dome | F65: 5 | G65: 1.6 | H65: 1.5 | I65: 5 | K65: yok / none | Q65: =IF($L65="","",$L65*Varsayimlar!$B$5*(1+Varsayimlar!$B$7)) | R65: =IF($L65="","",$Q65+N($M65)+N($N65)+N($O65)) | S65: 3.95 | T65: https://www.etsy.com/listing/4546184741/minimalist-gold-dome-ring-modern-open
A66: 65 | B66: 4549022637 | C66: Minimalist Gold Dome Ring | Slim Stacking Band | Everyday Statement Jewelry | D66: Pasif | E66: dome | F66: 3 | G66: 1.6 | H66: 1.5 | K66: yok / none | Q66: =IF($L66="","",$L66*Varsayimlar!$B$5*(1+Varsayimlar!$B$7)) | R66: =IF($L66="","",$Q66+N($M66)+N($N66)+N($O66)) | S66: 2.75 | T66: https://www.etsy.com/listing/4549022637/minimalist-gold-dome-ring-slim-stacking
A67: 66 | B67: 4551533957 | C67: Minimalist Gold Eternity Band Ring | Stackable Wedding Anniversary Band | D67: Pasif | E67: band | F67: 2 | H67: 1.5 | K67: tam eternity | Q67: =IF($L67="","",$L67*Varsayimlar!$B$5*(1+Varsayimlar!$B$7)) | R67: =IF($L67="","",$Q67+N($M67)+N($N67)+N($O67)) | S67: 2.39 | T67: https://www.etsy.com/listing/4551533957/minimalist-gold-eternity-band-ring
A68: 67 | B68: 4550934548 | C68: Minimalist Gold Signet Ring | Classic 6mm Pinky Band Jewelry | D68: Pasif | E68: signet | F68: 6 | G68: 1 | H68: 1.5 | I68: 6 | K68: yok / none | Q68: =IF($L68="","",$L68*Varsayimlar!$B$5*(1+Varsayimlar!$B$7)) | R68: =IF($L68="","",$Q68+N($M68)+N($N68)+N($O68)) | S68: 4.19 | T68: https://www.etsy.com/listing/4550934548/minimalist-gold-signet-ring-classic-6mm
A69: 68 | B69: 4552101181 | C69: Minimalist Gold Stacker Ring | 5.8mm Wide Band, Everyday Wear | D69: Pasif | E69: band | F69: 5.8 | H69: 1.5 | I69: 5.8 | K69: yok / none | Q69: =IF($L69="","",$L69*Varsayimlar!$B$5*(1+Varsayimlar!$B$7)) | R69: =IF($L69="","",$Q69+N($M69)+N($N69)+N($O69)) | S69: 6.94 | T69: https://www.etsy.com/listing/4552101181/minimalist-gold-stacker-ring-58mm-wide
A70: 69 | B70: 4552033260 | C70: Minimalist Gold Wishbone Ring | Dainty V Stacking Band, Everyday Wear | D70: Pasif | E70: band | F70: 1 | H70: 1.5 | K70: yok / none | Q70: =IF($L70="","",$L70*Varsayimlar!$B$5*(1+Varsayimlar!$B$7)) | R70: =IF($L70="","",$Q70+N($M70)+N($N70)+N($O70)) | S70: 1.2 | T70: https://www.etsy.com/listing/4552033260/minimalist-gold-wishbone-ring-dainty-v
A71: 70 | B71: 4554940895 | C71: Open Diamond Band Ring | Minimalist Stackable Thin Ring | D71: Pasif | E71: band | F71: 1.2 | H71: 1.5 | K71: tekil/aksan tas | Q71: =IF($L71="","",$L71*Varsayimlar!$B$5*(1+Varsayimlar!$B$7)) | R71: =IF($L71="","",$Q71+N($M71)+N($N71)+N($O71)) | S71: 1.44 | T71: https://www.etsy.com/listing/4554940895/open-diamond-ring-delicate-diamond-band
A72: 71 | B72: 4559884744 | C72: Open Dome Pave Diamond Ring | Minimalist Open Band Jewelry | D72: Pasif | E72: dome | F72: 5.5 | G72: 1.7 | H72: 1.5 | K72: pave | Q72: =IF($L72="","",$L72*Varsayimlar!$B$5*(1+Varsayimlar!$B$7)) | R72: =IF($L72="","",$Q72+N($M72)+N($N72)+N($O72)) | S72: 4.31 | T72: https://www.etsy.com/listing/4559884744/pave-diamond-ring-open-dome-ring-open
A73: 72 | B73: 4558660905 | C73: Organic Dome Marquise Ring | Thin Diamond Stacking Band, Minimalist Bridal Nesting Ring | D73: Pasif | E73: dome | F73: 3.8 | G73: 1.7 | H73: 1.5 | K73: tekil/aksan tas | Q73: =IF($L73="","",$L73*Varsayimlar!$B$5*(1+Varsayimlar!$B$7)) | R73: =IF($L73="","",$Q73+N($M73)+N($N73)+N($O73)) | S73: 3.29 | T73: https://www.etsy.com/listing/4558660905/marquise-cut-nesting-ring-organic-dome
A74: 73 | B74: 4552133042 | C74: Organic Dome Nesting Ring Set | Minimalist Stackable Rings (1.5mm) | D74: Pasif | E74: dome | F74: 1.5 | H74: 1.5 | I74: 1.5 | K74: yok / none | Q74: =IF($L74="","",$L74*Varsayimlar!$B$5*(1+Varsayimlar!$B$7)) | R74: =IF($L74="","",$Q74+N($M74)+N($N74)+N($O74)) | S74: 1.79 | T74: https://www.etsy.com/listing/4552133042/organic-dome-nesting-ring-set-o
A75: 74 | B75: 4559892713 | C75: Pave Diamond X Ring | Modern Stackable Statement Band (9.5mm Wide) | D75: Pasif | E75: band | F75: 9.5 | H75: 1.5 | I75: 9.5 | K75: pave | Q75: =IF($L75="","",$L75*Varsayimlar!$B$5*(1+Varsayimlar!$B$7)) | R75: =IF($L75="","",$Q75+N($M75)+N($N75)+N($O75)) | S75: 11.37 | T75: https://www.etsy.com/listing/4559892713/pave-diamond-x-ring-o-x-ring-band-o
A76: 75 | B76: 4559891185 | C76: Prism Lab Grown Diamond Eternity Band | Geometric Wedding Stacking Ring 2.2mm | D76: Pasif | E76: band | F76: 2.2 | G76: 2.2 | H76: 1.5 | I76: 2.2 | K76: tam eternity | Q76: =IF($L76="","",$L76*Varsayimlar!$B$5*(1+Varsayimlar!$B$7)) | R76: =IF($L76="","",$Q76+N($M76)+N($N76)+N($O76)) | S76: 2.63 | T76: https://www.etsy.com/listing/4559891185/lab-grown-diamond-eternity-band-prism
A77: 76 | B77: 4554965144 | C77: Puffy Charlotte Dome Ring | 6.2mm Wide Stacker Band, Minimalist Statement Jewelry | D77: Pasif | E77: dome | F77: 6.2 | H77: 1.5 | I77: 6.2 | K77: yok / none | Q77: =IF($L77="","",$L77*Varsayimlar!$B$5*(1+Varsayimlar!$B$7)) | R77: =IF($L77="","",$Q77+N($M77)+N($N77)+N($O77)) | S77: 7.42 | T77: https://www.etsy.com/listing/4554965144/puffy-charlotte-ring-chunky-stacker-ring
A78: 77 | B78: 4554953887 | C78: Puzzle Stacking Ring | 1.5mm Thin Minimalist Band | Modern Everyday Jewelry | D78: Pasif | E78: band | F78: 1.5 | H78: 1.5 | I78: 1.5 | K78: yok / none | Q78: =IF($L78="","",$L78*Varsayimlar!$B$5*(1+Varsayimlar!$B$7)) | R78: =IF($L78="","",$Q78+N($M78)+N($N78)+N($O78)) | S78: 1.79 | T78: https://www.etsy.com/listing/4554953887/puzzle-ring-stacking-ring-minimalist
A79: 78 | B79: 4550939147 | C79: Sculptural Band Ring | Modern Minimalist, 2.5mm Width, Stackable Everyday Jewelry | D79: Pasif | E79: band | F79: 2.5 | H79: 1.5 | I79: 2.5 | K79: yok / none | Q79: =IF($L79="","",$L79*Varsayimlar!$B$5*(1+Varsayimlar!$B$7)) | R79: =IF($L79="","",$Q79+N($M79)+N($N79)+N($O79)) | S79: 2.99 | T79: https://www.etsy.com/listing/4550939147/sculptural-band-ring-modern-minimalist
A80: 79 | B80: 4557297951 | C80: Sculptural Open Dome Ring | Bold Minimalist Band, Contemporary Statement Jewelry | D80: Pasif | E80: dome | F80: 10.6 | G80: 2 | H80: 1.5 | K80: yok / none | Q80: =IF($L80="","",$L80*Varsayimlar!$B$5*(1+Varsayimlar!$B$7)) | R80: =IF($L80="","",$Q80+N($M80)+N($N80)+N($O80)) | S80: 7.54 | T80: https://www.etsy.com/listing/4557297951/open-dome-ring-bold-dome-ring-sculptural
A81: 80 | B81: 4558664005 | C81: Seismic Band Ring | 6mm Wide Contemporary Wedding Band, Minimalist Stackable Jewelry | D81: Pasif | E81: band | F81: 6 | G81: 6 | H81: 1.5 | I81: 6 | K81: yok / none | Q81: =IF($L81="","",$L81*Varsayimlar!$B$5*(1+Varsayimlar!$B$7)) | R81: =IF($L81="","",$Q81+N($M81)+N($N81)+N($O81)) | S81: 7.18 | T81: https://www.etsy.com/listing/4558664005/seismic-ring-band-6mm-chunky-band-ring
A82: 81 | B82: 4559909674 | C82: Slim Diamond Eternity Band | 1.5mm Minimalist Wedding Ring | D82: Pasif | E82: band | F82: 1.5 | H82: 1.5 | I82: 1.5 | K82: tam eternity | Q82: =IF($L82="","",$L82*Varsayimlar!$B$5*(1+Varsayimlar!$B$7)) | R82: =IF($L82="","",$Q82+N($M82)+N($N82)+N($O82)) | S82: 1.79 | T82: https://www.etsy.com/listing/4559909674/diamond-eternity-band-dainty-wedding
A83: 82 | B83: 4559881595 | C83: Slim Diamond Eternity Band | Dainty Stacking Ring (1.1mm) | D83: Pasif | E83: band | F83: 1.1 | H83: 1.5 | I83: 1.1 | K83: tam eternity | Q83: =IF($L83="","",$L83*Varsayimlar!$B$5*(1+Varsayimlar!$B$7)) | R83: =IF($L83="","",$Q83+N($M83)+N($N83)+N($O83)) | S83: 1.32 | T83: https://www.etsy.com/listing/4559881595/diamond-eternity-band-slim-diamond-ring
A84: 83 | B84: 4558668281 | C84: Slim Gold Signet Ring | Dainty Minimalist Stacking Band, Everyday Modern Jewelry | D84: Pasif | E84: signet | F84: 3.8 | G84: 1.3 | H84: 1.5 | K84: yok / none | Q84: =IF($L84="","",$L84*Varsayimlar!$B$5*(1+Varsayimlar!$B$7)) | R84: =IF($L84="","",$Q84+N($M84)+N($N84)+N($O84)) | S84: 3.05 | T84: https://www.etsy.com/listing/4558668281/slim-gold-signet-ring-dainty-minimalist
A85: 84 | B85: 4549046924 | C85: Slim Rectangular Signet Ring | Minimalist Gold Band, Everyday Stackable Jewelry | D85: Pasif | E85: signet | F85: 6 | G85: 1 | H85: 1.5 | K85: yok / none | Q85: =IF($L85="","",$L85*Varsayimlar!$B$5*(1+Varsayimlar!$B$7)) | R85: =IF($L85="","",$Q85+N($M85)+N($N85)+N($O85)) | S85: 4.19 | T85: https://www.etsy.com/listing/4549046924/slim-rectangular-signet-ring-minimalist
A86: 85 | B86: 4556239169 | C86: Square Black Onyx Signet Ring | Minimalist Geometric Mens Jewelry | D86: Pasif | E86: signet | F86: 8.7 | G86: 2.5 | H86: 1.5 | K86: tekil/aksan tas | Q86: =IF($L86="","",$L86*Varsayimlar!$B$5*(1+Varsayimlar!$B$7)) | R86: =IF($L86="","",$Q86+N($M86)+N($N86)+N($O86)) | S86: 6.7 | T86: https://www.etsy.com/listing/4556239169/black-onyx-square-signet-ring-mens
A87: 86 | B87: 4543742514 | C87: Square Signet Ring | 10mm Minimalist Gold Band | Unisex Pinky Ring | D87: Pasif | E87: signet | F87: 10 | G87: 2.5 | H87: 1.5 | I87: 10 | K87: yok / none | Q87: =IF($L87="","",$L87*Varsayimlar!$B$5*(1+Varsayimlar!$B$7)) | R87: =IF($L87="","",$Q87+N($M87)+N($N87)+N($O87)) | S87: 10.72 | T87: https://www.etsy.com/listing/4543742514/square-signet-ring-10mm-minimalist-gold
A88: 87 | B88: 4550942827 | C88: Stackable Gold Ring Set | Slim Charlotte Bands, Dainty Everyday Jewelry | D88: Pasif | E88: band | F88: 1.5 | H88: 1.5 | K88: yok / none | Q88: =IF($L88="","",$L88*Varsayimlar!$B$5*(1+Varsayimlar!$B$7)) | R88: =IF($L88="","",$Q88+N($M88)+N($N88)+N($O88)) | S88: 1.79 | T88: https://www.etsy.com/listing/4550942827/stackable-gold-ring-set-slim-charlotte
A89: 88 | B89: 4538023253 | C89: Stevie Ring | Bold 6.5mm Wide Band | Modern Minimalist Statement Jewelry | D89: Pasif | E89: band | F89: 6.5 | H89: 1.5 | I89: 6.5 | K89: yok / none | Q89: =IF($L89="","",$L89*Varsayimlar!$B$5*(1+Varsayimlar!$B$7)) | R89: =IF($L89="","",$Q89+N($M89)+N($N89)+N($O89)) | S89: 7.78 | T89: https://www.etsy.com/listing/4538023253/stevie-ring-65mm-statement-ring-gold
A90: 89 | B90: 4547283007 | C90: Thin Gold Dome Ring | Minimalist Wedding Band, Everyday Stacking Jewelry | D90: Pasif | E90: dome | F90: 6.2 | G90: 2 | H90: 1.5 | K90: yok / none | Q90: =IF($L90="","",$L90*Varsayimlar!$B$5*(1+Varsayimlar!$B$7)) | R90: =IF($L90="","",$Q90+N($M90)+N($N90)+N($O90)) | S90: 4.91 | T90: https://www.etsy.com/listing/4547283007/thin-gold-dome-ring-minimalist-wedding
A91: 90 | B91: 4543248600 | C91: Twisted Duo Ring Set | Smooth and Twist Bands, Minimalist Wedding Jewelry | D91: Pasif | E91: band | F91: 1.5 | H91: 1.5 | K91: yok / none | Q91: =IF($L91="","",$L91*Varsayimlar!$B$5*(1+Varsayimlar!$B$7)) | R91: =IF($L91="","",$Q91+N($M91)+N($N91)+N($O91)) | S91: 4.31 | T91: https://www.etsy.com/listing/4543248600/twisted-duo-ring-set-smooth-and-twist
A92: 91 | B92: 4546206240 | C92: Twisted Rope Band Ring | Minimalist Stacking Ring, Everyday Jewelry | D92: Pasif | E92: band | F92: 1.5 | H92: 1.5 | K92: yok / none | Q92: =IF($L92="","",$L92*Varsayimlar!$B$5*(1+Varsayimlar!$B$7)) | R92: =IF($L92="","",$Q92+N($M92)+N($N92)+N($O92)) | S92: 1.79 | T92: https://www.etsy.com/listing/4546206240/twisted-rope-band-ring-minimalist
A93: 92 | B93: 4550306442 | C93: Ziggy Wave Ring | Sculptural Gold Band, Minimalist Stackable Jewelry | D93: Pasif | E93: band | F93: 4 | G93: 1.3 | H93: 1.5 | K93: yok / none | Q93: =IF($L93="","",$L93*Varsayimlar!$B$5*(1+Varsayimlar!$B$7)) | R93: =IF($L93="","",$Q93+N($M93)+N($N93)+N($O93)) | S93: 3.17 | T93: https://www.etsy.com/listing/4550306442/ziggy-wave-ring-sculptural-gold-band
A94: 93 | B94: 4558671043 | C94: 10K/14k Solid Gold Wishbone Ring, 1mm Stacking Band with Clear Stone Accents | D94: Aktif | E94: band | F94: 1 | G94: 1 | H94: 1.5 | K94: tekil/aksan tas | Q94: =IF($L94="","",$L94*Varsayimlar!$B$5*(1+Varsayimlar!$B$7)) | R94: =IF($L94="","",$Q94+N($M94)+N($N94)+N($O94)) | S94: 1.2 | T94: https://www.etsy.com/listing/4558671043/dainty-gold-wishbone-stacking-ring-thin
C96: SARI hucreler uretici tarafindan doldurulacak. Genislikler canli Etsy aciklamalariyla teyit edildi (2026-09-08); acik celiski kalmadi.
C97: Gram, 14K / US 7 referansinda istenir. Diger karat ve bedenler bu referanstan panelde olceklenir.
C98: Kaynak: olculer Etsy urun aciklamalarindan otomatik cikarildi (Ophir Gold USA, panel DB, 93 kayit, 2026-08-28).

Sheet Varsayimlar
A1: Varsayimlar / Assumptions
A3: Girdi | B3: Deger | C3: Kaynak / not
A4: 10K altin alis (USD/gram) | B4: 65 | C4: Panel > Ayarlar > Altin (gold_settings.purchase_price_10k_cents=6500)
A5: 14K altin alis (USD/gram) | B5: 101 | C5: Panel > Ayarlar > Altin (gold_settings.purchase_price_14k_cents=10100)
A6: 18K altin alis (USD/gram) | B6: 130 | C6: VARSAYIM - panelde 18K kaydi YOK. 14K'nin saflik oraniyla turetildi: 101/0.583*0.750.
A7: Fire / kayip orani | B7: 0.07 | C7: EON v4 motoru (lib/pricing/gold-index.ts, V4.fire). Uretici kendi firesini veriyorsa onu kullanin.
A8: Referans beden | B8: US 7 | C8: Gram talebi bu bedende. Panel diger bedenlere olcekler.
A9: Referans kalinlik (mm) | B9: 1.5 | C9: 93 listingin 63'unde aciklamada yazili; gozlenen araligin tamami 1.50-1.60 mm.
A11: Metal maliyeti = gram x 14K alis x (1 + fire). Toplam maliyet = metal + iscilik + tas/mihlama + dokum/diger.
A12: SATIS fiyati bu sayfada YOK - once gercek maliyet toplanir, fiyat sonra panelde kurulur.

Sheet Nasil Doldurulur
A1: Nasil doldurulur / How to fill
A3: Amac | B3: 93 listing icin GERCEK maliyet girdilerini ureticiden almak. Panelde su an gram YOK; tum listingler tek tip 366 USD fiyatta.
A4: Doldurulacak alanlar | B4: Yalnizca SARI hucreler: GRAM 14K (US 7), ISCILIK USD, TAS+MIHLAMA USD, DOKUM+DIGER USD, URETICI NOTU.
A5: Gram | B5: 14 ayar ve US 7 beden icin parca basi net gram. Tek referans yeter; diger karat/bedenler panelde hesaplanir.
A6: Iscilik | B6: Parca basi iscilik (USD). Tas mihlama HARIC - o ayri sutunda.
A7: Tas + mihlama | B7: Tas bedeli + mihlama iscilligi toplami (USD). Tas yoksa 0 yazin.
A8: Dokum + diger | B8: Dokum, cila, kaplama vb. varsa (USD). Yoksa 0.
A9: KONTROL sutunu | B9: Bos. Onceki surumde 9 satir isaretliydi; 2026-09-08 denetiminde hepsi YANLIS ALARM cikti - 8 satirda kalinlik genislik sutununa yazilmisti (duzeltildi), 1 satirda basliktaki mm tas olcusuydu.
A10: Hesaplanan sutunlar | B10: 'Metal maliyeti' ve 'TOPLAM MALIYET' otomatik hesaplanir - elle doldurmayin.
A11: Bizim gram tahminimiz | B11: Sadece BUYUKLUK FIKRI icin. Olcuden hesaplanan kaba tahmindir, dogrulanmis degildir - referans almayin.
A13: ORNEK SATIR (beklenen format)
A14: Urun | B14: GRAM 14K (US 7) | C14: ISCILIK USD | D14: TAS+MIHLAMA USD | E14: DOKUM+DIGER USD | F14: URETICI NOTU
A15: 2mm Smooth Gold Band Ring | B15: 2.05 | C15: 100 | D15: 0 | E15: 12 | F15: Duz band, tassiz. US7 net gram.
