Workbook

Sheet ASM
A1: Parametre | B1: Deger | C1: Not
A2: Spot USD/ozt | B2: 4090 | C2: 2026-07-27 kapanis. Spot degisince SADECE bu hucreyi guncelle.
A3: Fire | B3: 0.07 | C3: yuzde 7
A4: Iscilik USD | B4: 30
A5: Paket USD | B5: 8
A6: Kargo USD | B6: 22
A7: Carpan | B7: 1.55 | C7: Husam onayi, 60. gunde revizyon
A8: Spot USD/gram | B8: =B2/31.1035 -> 131.49646
A9: Etsy kesinti orani | B9: 0.105 | C9: yuzde 10.5 + 0.45 sabit
A10: Offsite Ads | B10: 0.15 | C10: yuzde 15
A11: Saflik 10K | B11: 0.417
A12: Saflik 14K | B12: 0.583
A13: Saflik 18K | B13: 0.75
A14: Kalinlik | B14: 2.0mm | C14: STANDART. 1.5mm bu dosyada yok.
A15: Kaynak | C15: Gramlar: partner dome tablosu (2026-07-16). Dogrulama: floor-prices-spot4090 Sheet, 44/44 satir.
A16: Iscilik Milgrain USD | B16: 40 | C16: Hammered/milgrain iscilik istisnasi. Husam karari 2026-07-28.

Sheet GIRIS-SIRASI
A1: ETSY FIYAT GIRISI - SIRA VE KURALLAR (v2)
A2: 1. Evelyn satisinin geldigi 5mm listing: karat sekmesinde Genislik=5 satirlari
A3: 2. McCartney satisinin geldigi 2mm listing: Genislik=2 satirlari
A4: 3. Dome ailesinin kalani (10K, 14K, 18K tum genislikler)
A5: 4. Flat, Beveled, Knife: gram dome ile AYNI (Husam karari 2026-07-28). Kendi karat sekmesinden genislik satirini kullan. Flat 3-7, Knife 3-7, Beveled 6 ve 8.
A6: 5. Dome Milgrain (hammered): MILGRAIN-14K sekmesi. Iscilik 40, digerlerinden farkli olan tek sey bu.
A8: KURALLAR
A9: Etsy LISTE = girilecek fiyat. Motor / 0.75, yukari 5 USD katina yuvarli.
A10: Magaza geneli KALICI yuzde 25 sale acik kalir. Gorunen sale fiyati = Liste x 0.75 (motor hedefinin ustunde).
A11: Gorunen sale asla Floor altina inmez. KONTROL kolonu her satirda OK olmali.
A12: Offsite Ad siparisinde alt sinir Offsite Floor kolonudur.
A13: Dogrulama gecti: 10K 5mm US7 motor 580 (liste 775) ve 14K 6mm US7 motor 1022 (liste 1365).

Sheet 10K
A1: Genislik mm | B1: Beden US | C1: Gram 2.0mm | D1: Landed USD | E1: Motor USD | F1: ETSY LISTE USD | G1: Gorunen Sale USD | H1: Floor USD | I1: Offsite Floor USD | J1: KONTROL
A2: 2 | B2: 4 | C2: 1.88 | D2: =ROUND(C2*ASM!$B$8*ASM!$B$11*(1+ASM!$B$3)+ASM!$B$4+ASM!$B$5+ASM!$B$6,2) -> 170.3 | E2: =ROUND(D2*ASM!$B$7,0) -> 264 | F2: =CEILING(E2/0.75,5) -> 355 | G2: =F2*0.75 -> 266.25 | H2: =ROUND((D2+0.45)/(1-ASM!$B$9),0) -> 191 | I2: =ROUND((D2+0.45)/(1-ASM!$B$9-ASM!$B$10),0) -> 229 | J2: =IF(G2>=H2,"OK","FLOOR ALTI") -> OK
A3: 2 | B3: 5 | C3: 1.97 | D3: =ROUND(C3*ASM!$B$8*ASM!$B$11*(1+ASM!$B$3)+ASM!$B$4+ASM!$B$5+ASM!$B$6,2) -> 175.58 | E3: =ROUND(D3*ASM!$B$7,0) -> 272 | F3: =CEILING(E3/0.75,5) -> 365 | G3: =F3*0.75 -> 273.75 | H3: =ROUND((D3+0.45)/(1-ASM!$B$9),0) -> 197 | I3: =ROUND((D3+0.45)/(1-ASM!$B$9-ASM!$B$10),0) -> 236 | J3: =IF(G3>=H3,"OK","FLOOR ALTI") -> OK
A4: 2 | B4: 6 | C4: 2.06 | D4: =ROUND(C4*ASM!$B$8*ASM!$B$11*(1+ASM!$B$3)+ASM!$B$4+ASM!$B$5+ASM!$B$6,2) -> 180.87 | E4: =ROUND(D4*ASM!$B$7,0) -> 280 | F4: =CEILING(E4/0.75,5) -> 375 | G4: =F4*0.75 -> 281.25 | H4: =ROUND((D4+0.45)/(1-ASM!$B$9),0) -> 203 | I4: =ROUND((D4+0.45)/(1-ASM!$B$9-ASM!$B$10),0) -> 243 | J4: =IF(G4>=H4,"OK","FLOOR ALTI") -> OK
A5: 2 | B5: 7 | C5: 2.15 | D5: =ROUND(C5*ASM!$B$8*ASM!$B$11*(1+ASM!$B$3)+ASM!$B$4+ASM!$B$5+ASM!$B$6,2) -> 186.15 | E5: =ROUND(D5*ASM!$B$7,0) -> 289 | F5: =CEILING(E5/0.75,5) -> 390 | G5: =F5*0.75 -> 292.5 | H5: =ROUND((D5+0.45)/(1-ASM!$B$9),0) -> 208 | I5: =ROUND((D5+0.45)/(1-ASM!$B$9-ASM!$B$10),0) -> 250 | J5: =IF(G5>=H5,"OK","FLOOR ALTI") -> OK
A6: 2 | B6: 8 | C6: 2.23 | D6: =ROUND(C6*ASM!$B$8*ASM!$B$11*(1+ASM!$B$3)+ASM!$B$4+ASM!$B$5+ASM!$B$6,2) -> 190.84 | E6: =ROUND(D6*ASM!$B$7,0) -> 296 | F6: =CEILING(E6/0.75,5) -> 395 | G6: =F6*0.75 -> 296.25 | H6: =ROUND((D6+0.45)/(1-ASM!$B$9),0) -> 214 | I6: =ROUND((D6+0.45)/(1-ASM!$B$9-ASM!$B$10),0) -> 257 | J6: =IF(G6>=H6,"OK","FLOOR ALTI") -> OK
A7: 2 | B7: 9 | C7: 2.32 | D7: =ROUND(C7*ASM!$B$8*ASM!$B$11*(1+ASM!$B$3)+ASM!$B$4+ASM!$B$5+ASM!$B$6,2) -> 196.12 | E7: =ROUND(D7*ASM!$B$7,0) -> 304 | F7: =CEILING(E7/0.75,5) -> 410 | G7: =F7*0.75 -> 307.5 | H7: =ROUND((D7+0.45)/(1-ASM!$B$9),0) -> 220 | I7: =ROUND((D7+0.45)/(1-ASM!$B$9-ASM!$B$10),0) -> 264 | J7: =IF(G7>=H7,"OK","FLOOR ALTI") -> OK
A8: 2 | B8: 10 | C8: 2.41 | D8: =ROUND(C8*ASM!$B$8*ASM!$B$11*(1+ASM!$B$3)+ASM!$B$4+ASM!$B$5+ASM!$B$6,2) -> 201.4 | E8: =ROUND(D8*ASM!$B$7,0) -> 312 | F8: =CEILING(E8/0.75,5) -> 420 | G8: =F8*0.75 -> 315 | H8: =ROUND((D8+0.45)/(1-ASM!$B$9),0) -> 226 | I8: =ROUND((D8+0.45)/(1-ASM!$B$9-ASM!$B$10),0) -> 271 | J8: =IF(G8>=H8,"OK","FLOOR ALTI") -> OK
A9: 2 | B9: 11 | C9: 2.5 | D9: =ROUND(C9*ASM!$B$8*ASM!$B$11*(1+ASM!$B$3)+ASM!$B$4+ASM!$B$5+ASM!$B$6,2) -> 206.68 | E9: =ROUND(D9*ASM!$B$7,0) -> 320 | F9: =CEILING(E9/0.75,5) -> 430 | G9: =F9*0.75 -> 322.5 | H9: =ROUND((D9+0.45)/(1-ASM!$B$9),0) -> 231 | I9: =ROUND((D9+0.45)/(1-ASM!$B$9-ASM!$B$10),0) -> 278 | J9: =IF(G9>=H9,"OK","FLOOR ALTI") -> OK
A10: 2 | B10: 12 | C10: 2.59 | D10: =ROUND(C10*ASM!$B$8*ASM!$B$11*(1+ASM!$B$3)+ASM!$B$4+ASM!$B$5+ASM!$B$6,2) -> 211.96 | E10: =ROUND(D10*ASM!$B$7,0) -> 329 | F10: =CEILING(E10/0.75,5) -> 440 | G10: =F10*0.75 -> 330 | H10: =ROUND((D10+0.45)/(1-ASM!$B$9),0) -> 237 | I10: =ROUND((D10+0.45)/(1-ASM!$B$9-ASM!$B$10),0) -> 285 | J10: =IF(G10>=H10,"OK","FLOOR ALTI") -> OK
A11: 2 | B11: 13 | C11: 2.68 | D11: =ROUND(C11*ASM!$B$8*ASM!$B$11*(1+ASM!$B$3)+ASM!$B$4+ASM!$B$5+ASM!$B$6,2) -> 217.24 | E11: =ROUND(D11*ASM!$B$7,0) -> 337 | F11: =CEILING(E11/0.75,5) -> 450 | G11: =F11*0.75 -> 337.5 | H11: =ROUND((D11+0.45)/(1-ASM!$B$9),0) -> 243 | I11: =ROUND((D11+0.45)/(1-ASM!$B$9-ASM!$B$10),0) -> 292 | J11: =IF(G11>=H11,"OK","FLOOR ALTI") -> OK
A12: 2 | B12: 14 | C12: 2.76 | D12: =ROUND(C12*ASM!$B$8*ASM!$B$11*(1+ASM!$B$3)+ASM!$B$4+ASM!$B$5+ASM!$B$6,2) -> 221.94 | E12: =ROUND(D12*ASM!$B$7,0) -> 344 | F12: =CEILING(E12/0.75,5) -> 460 | G12: =F12*0.75 -> 345 | H12: =ROUND((D12+0.45)/(1-ASM!$B$9),0) -> 248 | I12: =ROUND((D12+0.45)/(1-ASM!$B$9-ASM!$B$10),0) -> 299 | J12: =IF(G12>=H12,"OK","FLOOR ALTI") -> OK
A13: 2 | B13: 15 | C13: 2.85 | D13: =ROUND(C13*ASM!$B$8*ASM!$B$11*(1+ASM!$B$3)+ASM!$B$4+ASM!$B$5+ASM!$B$6,2) -> 227.22 | E13: =ROUND(D13*ASM!$B$7,0) -> 352 | F13: =CEILING(E13/0.75,5) -> 470 | G13: =F13*0.75 -> 352.5 | H13: =ROUND((D13+0.45)/(1-ASM!$B$9),0) -> 254 | I13: =ROUND((D13+0.45)/(1-ASM!$B$9-ASM!$B$10),0) -> 306 | J13: =IF(G13>=H13,"OK","FLOOR ALTI") -> OK
... A144: 12 | B144: 16 | C144: 17.65 | D144: =ROUND(C144*ASM!$B$8*ASM!$B$11*(1+ASM!$B$3)+ASM!$B$4+ASM!$B$5+ASM!$B$6,2) -> 1095.57 | E144: =ROUND(D144*ASM!$B$7,0) -> 1698 | F144: =CEILING(E144/0.75,5) -> 2265 | G144: =F144*0.75 -> 1698.75 | H144: =ROUND((D144+0.45)/(1-ASM!$B$9),0) -> 1225 | I144: =ROUND((D144+0.45)/(1-ASM!$B$9-ASM!$B$10),0) -> 1471 | J144: =IF(G144>=H144,"OK","FLOOR ALTI") -> OK

Sheet 14K
A1: Genislik mm | B1: Beden US | C1: Gram 2.0mm | D1: Landed USD | E1: Motor USD | F1: ETSY LISTE USD | G1: Gorunen Sale USD | H1: Floor USD | I1: Offsite Floor USD | J1: KONTROL
A2: 2 | B2: 4 | C2: 2.14 | D2: =ROUND(C2*ASM!$B$8*ASM!$B$12*(1+ASM!$B$3)+ASM!$B$4+ASM!$B$5+ASM!$B$6,2) -> 235.54 | E2: =ROUND(D2*ASM!$B$7,0) -> 365 | F2: =CEILING(E2/0.75,5) -> 490 | G2: =F2*0.75 -> 367.5 | H2: =ROUND((D2+0.45)/(1-ASM!$B$9),0) -> 264 | I2: =ROUND((D2+0.45)/(1-ASM!$B$9-ASM!$B$10),0) -> 317 | J2: =IF(G2>=H2,"OK","FLOOR ALTI") -> OK
A3: 2 | B3: 5 | C3: 2.24 | D3: =ROUND(C3*ASM!$B$8*ASM!$B$12*(1+ASM!$B$3)+ASM!$B$4+ASM!$B$5+ASM!$B$6,2) -> 243.74 | E3: =ROUND(D3*ASM!$B$7,0) -> 378 | F3: =CEILING(E3/0.75,5) -> 505 | G3: =F3*0.75 -> 378.75 | H3: =ROUND((D3+0.45)/(1-ASM!$B$9),0) -> 273 | I3: =ROUND((D3+0.45)/(1-ASM!$B$9-ASM!$B$10),0) -> 328 | J3: =IF(G3>=H3,"OK","FLOOR ALTI") -> OK
A4: 2 | B4: 6 | C4: 2.34 | D4: =ROUND(C4*ASM!$B$8*ASM!$B$12*(1+ASM!$B$3)+ASM!$B$4+ASM!$B$5+ASM!$B$6,2) -> 251.95 | E4: =ROUND(D4*ASM!$B$7,0) -> 391 | F4: =CEILING(E4/0.75,5) -> 525 | G4: =F4*0.75 -> 393.75 | H4: =ROUND((D4+0.45)/(1-ASM!$B$9),0) -> 282 | I4: =ROUND((D4+0.45)/(1-ASM!$B$9-ASM!$B$10),0) -> 339 | J4: =IF(G4>=H4,"OK","FLOOR ALTI") -> OK
A5: 2 | B5: 7 | C5: 2.44 | D5: =ROUND(C5*ASM!$B$8*ASM!$B$12*(1+ASM!$B$3)+ASM!$B$4+ASM!$B$5+ASM!$B$6,2) -> 260.15 | E5: =ROUND(D5*ASM!$B$7,0) -> 403 | F5: =CEILING(E5/0.75,5) -> 540 | G5: =F5*0.75 -> 405 | H5: =ROUND((D5+0.45)/(1-ASM!$B$9),0) -> 291 | I5: =ROUND((D5+0.45)/(1-ASM!$B$9-ASM!$B$10),0) -> 350 | J5: =IF(G5>=H5,"OK","FLOOR ALTI") -> OK
A6: 2 | B6: 8 | C6: 2.54 | D6: =ROUND(C6*ASM!$B$8*ASM!$B$12*(1+ASM!$B$3)+ASM!$B$4+ASM!$B$5+ASM!$B$6,2) -> 268.35 | E6: =ROUND(D6*ASM!$B$7,0) -> 416 | F6: =CEILING(E6/0.75,5) -> 555 | G6: =F6*0.75 -> 416.25 | H6: =ROUND((D6+0.45)/(1-ASM!$B$9),0) -> 300 | I6: =ROUND((D6+0.45)/(1-ASM!$B$9-ASM!$B$10),0) -> 361 | J6: =IF(G6>=H6,"OK","FLOOR ALTI") -> OK
A7: 2 | B7: 9 | C7: 2.64 | D7: =ROUND(C7*ASM!$B$8*ASM!$B$12*(1+ASM!$B$3)+ASM!$B$4+ASM!$B$5+ASM!$B$6,2) -> 276.56 | E7: =ROUND(D7*ASM!$B$7,0) -> 429 | F7: =CEILING(E7/0.75,5) -> 575 | G7: =F7*0.75 -> 431.25 | H7: =ROUND((D7+0.45)/(1-ASM!$B$9),0) -> 310 | I7: =ROUND((D7+0.45)/(1-ASM!$B$9-ASM!$B$10),0) -> 372 | J7: =IF(G7>=H7,"OK","FLOOR ALTI") -> OK
A8: 2 | B8: 10 | C8: 2.74 | D8: =ROUND(C8*ASM!$B$8*ASM!$B$12*(1+ASM!$B$3)+ASM!$B$4+ASM!$B$5+ASM!$B$6,2) -> 284.76 | E8: =ROUND(D8*ASM!$B$7,0) -> 441 | F8: =CEILING(E8/0.75,5) -> 590 | G8: =F8*0.75 -> 442.5 | H8: =ROUND((D8+0.45)/(1-ASM!$B$9),0) -> 319 | I8: =ROUND((D8+0.45)/(1-ASM!$B$9-ASM!$B$10),0) -> 383 | J8: =IF(G8>=H8,"OK","FLOOR ALTI") -> OK
A9: 2 | B9: 11 | C9: 2.84 | D9: =ROUND(C9*ASM!$B$8*ASM!$B$12*(1+ASM!$B$3)+ASM!$B$4+ASM!$B$5+ASM!$B$6,2) -> 292.96 | E9: =ROUND(D9*ASM!$B$7,0) -> 454 | F9: =CEILING(E9/0.75,5) -> 610 | G9: =F9*0.75 -> 457.5 | H9: =ROUND((D9+0.45)/(1-ASM!$B$9),0) -> 328 | I9: =ROUND((D9+0.45)/(1-ASM!$B$9-ASM!$B$10),0) -> 394 | J9: =IF(G9>=H9,"OK","FLOOR ALTI") -> OK
A10: 2 | B10: 12 | C10: 2.94 | D10: =ROUND(C10*ASM!$B$8*ASM!$B$12*(1+ASM!$B$3)+ASM!$B$4+ASM!$B$5+ASM!$B$6,2) -> 301.16 | E10: =ROUND(D10*ASM!$B$7,0) -> 467 | F10: =CEILING(E10/0.75,5) -> 625 | G10: =F10*0.75 -> 468.75 | H10: =ROUND((D10+0.45)/(1-ASM!$B$9),0) -> 337 | I10: =ROUND((D10+0.45)/(1-ASM!$B$9-ASM!$B$10),0) -> 405 | J10: =IF(G10>=H10,"OK","FLOOR ALTI") -> OK
A11: 2 | B11: 13 | C11: 3.04 | D11: =ROUND(C11*ASM!$B$8*ASM!$B$12*(1+ASM!$B$3)+ASM!$B$4+ASM!$B$5+ASM!$B$6,2) -> 309.37 | E11: =ROUND(D11*ASM!$B$7,0) -> 480 | F11: =CEILING(E11/0.75,5) -> 640 | G11: =F11*0.75 -> 480 | H11: =ROUND((D11+0.45)/(1-ASM!$B$9),0) -> 346 | I11: =ROUND((D11+0.45)/(1-ASM!$B$9-ASM!$B$10),0) -> 416 | J11: =IF(G11>=H11,"OK","FLOOR ALTI") -> OK
A12: 2 | B12: 14 | C12: 3.14 | D12: =ROUND(C12*ASM!$B$8*ASM!$B$12*(1+ASM!$B$3)+ASM!$B$4+ASM!$B$5+ASM!$B$6,2) -> 317.57 | E12: =ROUND(D12*ASM!$B$7,0) -> 492 | F12: =CEILING(E12/0.75,5) -> 660 | G12: =F12*0.75 -> 495 | H12: =ROUND((D12+0.45)/(1-ASM!$B$9),0) -> 355 | I12: =ROUND((D12+0.45)/(1-ASM!$B$9-ASM!$B$10),0) -> 427 | J12: =IF(G12>=H12,"OK","FLOOR ALTI") -> OK
A13: 2 | B13: 15 | C13: 3.24 | D13: =ROUND(C13*ASM!$B$8*ASM!$B$12*(1+ASM!$B$3)+ASM!$B$4+ASM!$B$5+ASM!$B$6,2) -> 325.77 | E13: =ROUND(D13*ASM!$B$7,0) -> 505 | F13: =CEILING(E13/0.75,5) -> 675 | G13: =F13*0.75 -> 506.25 | H13: =ROUND((D13+0.45)/(1-ASM!$B$9),0) -> 364 | I13: =ROUND((D13+0.45)/(1-ASM!$B$9-ASM!$B$10),0) -> 438 | J13: =IF(G13>=H13,"OK","FLOOR ALTI") -> OK
... A144: 12 | B144: 16 | C144: 20.06 | D144: =ROUND(C144*ASM!$B$8*ASM!$B$12*(1+ASM!$B$3)+ASM!$B$4+ASM!$B$5+ASM!$B$6,2) -> 1705.5 | E144: =ROUND(D144*ASM!$B$7,0) -> 2644 | F144: =CEILING(E144/0.75,5) -> 3530 | G144: =F144*0.75 -> 2647.5 | H144: =ROUND((D144+0.45)/(1-ASM!$B$9),0) -> 1906 | I144: =ROUND((D144+0.45)/(1-ASM!$B$9-ASM!$B$10),0) -> 2290 | J144: =IF(G144>=H144,"OK","FLOOR ALTI") -> OK

Sheet 18K
A1: Genislik mm | B1: Beden US | C1: Gram 2.0mm | D1: Landed USD | E1: Motor USD | F1: ETSY LISTE USD | G1: Gorunen Sale USD | H1: Floor USD | I1: Offsite Floor USD | J1: KONTROL
A2: 2 | B2: 4 | C2: 2.52 | D2: =ROUND(C2*ASM!$B$8*ASM!$B$13*(1+ASM!$B$3)+ASM!$B$4+ASM!$B$5+ASM!$B$6,2) -> 325.93 | E2: =ROUND(D2*ASM!$B$7,0) -> 505 | F2: =CEILING(E2/0.75,5) -> 675 | G2: =F2*0.75 -> 506.25 | H2: =ROUND((D2+0.45)/(1-ASM!$B$9),0) -> 365 | I2: =ROUND((D2+0.45)/(1-ASM!$B$9-ASM!$B$10),0) -> 438 | J2: =IF(G2>=H2,"OK","FLOOR ALTI") -> OK
A3: 2 | B3: 5 | C3: 2.69 | D3: =ROUND(C3*ASM!$B$8*ASM!$B$13*(1+ASM!$B$3)+ASM!$B$4+ASM!$B$5+ASM!$B$6,2) -> 343.86 | E3: =ROUND(D3*ASM!$B$7,0) -> 533 | F3: =CEILING(E3/0.75,5) -> 715 | G3: =F3*0.75 -> 536.25 | H3: =ROUND((D3+0.45)/(1-ASM!$B$9),0) -> 385 | I3: =ROUND((D3+0.45)/(1-ASM!$B$9-ASM!$B$10),0) -> 462 | J3: =IF(G3>=H3,"OK","FLOOR ALTI") -> OK
A4: 2 | B4: 6 | C4: 2.87 | D4: =ROUND(C4*ASM!$B$8*ASM!$B$13*(1+ASM!$B$3)+ASM!$B$4+ASM!$B$5+ASM!$B$6,2) -> 362.86 | E4: =ROUND(D4*ASM!$B$7,0) -> 562 | F4: =CEILING(E4/0.75,5) -> 750 | G4: =F4*0.75 -> 562.5 | H4: =ROUND((D4+0.45)/(1-ASM!$B$9),0) -> 406 | I4: =ROUND((D4+0.45)/(1-ASM!$B$9-ASM!$B$10),0) -> 488 | J4: =IF(G4>=H4,"OK","FLOOR ALTI") -> OK
A5: 2 | B5: 7 | C5: 3.04 | D5: =ROUND(C5*ASM!$B$8*ASM!$B$13*(1+ASM!$B$3)+ASM!$B$4+ASM!$B$5+ASM!$B$6,2) -> 380.8 | E5: =ROUND(D5*ASM!$B$7,0) -> 590 | F5: =CEILING(E5/0.75,5) -> 790 | G5: =F5*0.75 -> 592.5 | H5: =ROUND((D5+0.45)/(1-ASM!$B$9),0) -> 426 | I5: =ROUND((D5+0.45)/(1-ASM!$B$9-ASM!$B$10),0) -> 512 | J5: =IF(G5>=H5,"OK","FLOOR ALTI") -> OK
A6: 2 | B6: 8 | C6: 3.22 | D6: =ROUND(C6*ASM!$B$8*ASM!$B$13*(1+ASM!$B$3)+ASM!$B$4+ASM!$B$5+ASM!$B$6,2) -> 399.79 | E6: =ROUND(D6*ASM!$B$7,0) -> 620 | F6: =CEILING(E6/0.75,5) -> 830 | G6: =F6*0.75 -> 622.5 | H6: =ROUND((D6+0.45)/(1-ASM!$B$9),0) -> 447 | I6: =ROUND((D6+0.45)/(1-ASM!$B$9-ASM!$B$10),0) -> 537 | J6: =IF(G6>=H6,"OK","FLOOR ALTI") -> OK
A7: 2 | B7: 9 | C7: 3.38 | D7: =ROUND(C7*ASM!$B$8*ASM!$B$13*(1+ASM!$B$3)+ASM!$B$4+ASM!$B$5+ASM!$B$6,2) -> 416.68 | E7: =ROUND(D7*ASM!$B$7,0) -> 646 | F7: =CEILING(E7/0.75,5) -> 865 | G7: =F7*0.75 -> 648.75 | H7: =ROUND((D7+0.45)/(1-ASM!$B$9),0) -> 466 | I7: =ROUND((D7+0.45)/(1-ASM!$B$9-ASM!$B$10),0) -> 560 | J7: =IF(G7>=H7,"OK","FLOOR ALTI") -> OK
A8: 2 | B8: 10 | C8: 3.58 | D8: =ROUND(C8*ASM!$B$8*ASM!$B$13*(1+ASM!$B$3)+ASM!$B$4+ASM!$B$5+ASM!$B$6,2) -> 437.78 | E8: =ROUND(D8*ASM!$B$7,0) -> 679 | F8: =CEILING(E8/0.75,5) -> 910 | G8: =F8*0.75 -> 682.5 | H8: =ROUND((D8+0.45)/(1-ASM!$B$9),0) -> 490 | I8: =ROUND((D8+0.45)/(1-ASM!$B$9-ASM!$B$10),0) -> 588 | J8: =IF(G8>=H8,"OK","FLOOR ALTI") -> OK
A9: 2 | B9: 11 | C9: 3.73 | D9: =ROUND(C9*ASM!$B$8*ASM!$B$13*(1+ASM!$B$3)+ASM!$B$4+ASM!$B$5+ASM!$B$6,2) -> 453.61 | E9: =ROUND(D9*ASM!$B$7,0) -> 703 | F9: =CEILING(E9/0.75,5) -> 940 | G9: =F9*0.75 -> 705 | H9: =ROUND((D9+0.45)/(1-ASM!$B$9),0) -> 507 | I9: =ROUND((D9+0.45)/(1-ASM!$B$9-ASM!$B$10),0) -> 609 | J9: =IF(G9>=H9,"OK","FLOOR ALTI") -> OK
A10: 2 | B10: 12 | C10: 3.91 | D10: =ROUND(C10*ASM!$B$8*ASM!$B$13*(1+ASM!$B$3)+ASM!$B$4+ASM!$B$5+ASM!$B$6,2) -> 472.61 | E10: =ROUND(D10*ASM!$B$7,0) -> 733 | F10: =CEILING(E10/0.75,5) -> 980 | G10: =F10*0.75 -> 735 | H10: =ROUND((D10+0.45)/(1-ASM!$B$9),0) -> 529 | I10: =ROUND((D10+0.45)/(1-ASM!$B$9-ASM!$B$10),0) -> 635 | J10: =IF(G10>=H10,"OK","FLOOR ALTI") -> OK
A11: 2 | B11: 13 | C11: 4.08 | D11: =ROUND(C11*ASM!$B$8*ASM!$B$13*(1+ASM!$B$3)+ASM!$B$4+ASM!$B$5+ASM!$B$6,2) -> 490.55 | E11: =ROUND(D11*ASM!$B$7,0) -> 760 | F11: =CEILING(E11/0.75,5) -> 1015 | G11: =F11*0.75 -> 761.25 | H11: =ROUND((D11+0.45)/(1-ASM!$B$9),0) -> 549 | I11: =ROUND((D11+0.45)/(1-ASM!$B$9-ASM!$B$10),0) -> 659 | J11: =IF(G11>=H11,"OK","FLOOR ALTI") -> OK
A12: 2 | B12: 14 | C12: 4.21 | D12: =ROUND(C12*ASM!$B$8*ASM!$B$13*(1+ASM!$B$3)+ASM!$B$4+ASM!$B$5+ASM!$B$6,2) -> 504.26 | E12: =ROUND(D12*ASM!$B$7,0) -> 782 | F12: =CEILING(E12/0.75,5) -> 1045 | G12: =F12*0.75 -> 783.75 | H12: =ROUND((D12+0.45)/(1-ASM!$B$9),0) -> 564 | I12: =ROUND((D12+0.45)/(1-ASM!$B$9-ASM!$B$10),0) -> 677 | J12: =IF(G12>=H12,"OK","FLOOR ALTI") -> OK
A13: 2 | B13: 15 | C13: 4.36 | D13: =ROUND(C13*ASM!$B$8*ASM!$B$13*(1+ASM!$B$3)+ASM!$B$4+ASM!$B$5+ASM!$B$6,2) -> 520.09 | E13: =ROUND(D13*ASM!$B$7,0) -> 806 | F13: =CEILING(E13/0.75,5) -> 1075 | G13: =F13*0.75 -> 806.25 | H13: =ROUND((D13+0.45)/(1-ASM!$B$9),0) -> 582 | I13: =ROUND((D13+0.45)/(1-ASM!$B$9-ASM!$B$10),0) -> 699 | J13: =IF(G13>=H13,"OK","FLOOR ALTI") -> OK
... A144: 12 | B144: 16 | C144: 22.86 | D144: =ROUND(C144*ASM!$B$8*ASM!$B$13*(1+ASM!$B$3)+ASM!$B$4+ASM!$B$5+ASM!$B$6,2) -> 2472.32 | E144: =ROUND(D144*ASM!$B$7,0) -> 3832 | F144: =CEILING(E144/0.75,5) -> 5110 | G144: =F144*0.75 -> 3832.5 | H144: =ROUND((D144+0.45)/(1-ASM!$B$9),0) -> 2763 | I144: =ROUND((D144+0.45)/(1-ASM!$B$9-ASM!$B$10),0) -> 3319 | J144: =IF(G144>=H144,"OK","FLOOR ALTI") -> OK

Sheet MILGRAIN-14K
A1: Genislik mm | B1: Beden US | C1: Gram 2.0mm | D1: Landed USD | E1: Motor USD | F1: ETSY LISTE USD | G1: Gorunen Sale USD | H1: Floor USD | I1: Offsite Floor USD | J1: KONTROL
A2: 2 | B2: 4 | C2: 2.14 | D2: =ROUND(C2*ASM!$B$8*ASM!$B$12*(1+ASM!$B$3)+ASM!$B$16+ASM!$B$5+ASM!$B$6,2) -> 245.54 | E2: =ROUND(D2*ASM!$B$7,0) -> 381 | F2: =CEILING(E2/0.75,5) -> 510 | G2: =F2*0.75 -> 382.5 | H2: =ROUND((D2+0.45)/(1-ASM!$B$9),0) -> 275 | I2: =ROUND((D2+0.45)/(1-ASM!$B$9-ASM!$B$10),0) -> 330 | J2: =IF(G2>=H2,"OK","FLOOR ALTI") -> OK
A3: 2 | B3: 5 | C3: 2.24 | D3: =ROUND(C3*ASM!$B$8*ASM!$B$12*(1+ASM!$B$3)+ASM!$B$16+ASM!$B$5+ASM!$B$6,2) -> 253.74 | E3: =ROUND(D3*ASM!$B$7,0) -> 393 | F3: =CEILING(E3/0.75,5) -> 525 | G3: =F3*0.75 -> 393.75 | H3: =ROUND((D3+0.45)/(1-ASM!$B$9),0) -> 284 | I3: =ROUND((D3+0.45)/(1-ASM!$B$9-ASM!$B$10),0) -> 341 | J3: =IF(G3>=H3,"OK","FLOOR ALTI") -> OK
A4: 2 | B4: 6 | C4: 2.34 | D4: =ROUND(C4*ASM!$B$8*ASM!$B$12*(1+ASM!$B$3)+ASM!$B$16+ASM!$B$5+ASM!$B$6,2) -> 261.95 | E4: =ROUND(D4*ASM!$B$7,0) -> 406 | F4: =CEILING(E4/0.75,5) -> 545 | G4: =F4*0.75 -> 408.75 | H4: =ROUND((D4+0.45)/(1-ASM!$B$9),0) -> 293 | I4: =ROUND((D4+0.45)/(1-ASM!$B$9-ASM!$B$10),0) -> 352 | J4: =IF(G4>=H4,"OK","FLOOR ALTI") -> OK
A5: 2 | B5: 7 | C5: 2.44 | D5: =ROUND(C5*ASM!$B$8*ASM!$B$12*(1+ASM!$B$3)+ASM!$B$16+ASM!$B$5+ASM!$B$6,2) -> 270.15 | E5: =ROUND(D5*ASM!$B$7,0) -> 419 | F5: =CEILING(E5/0.75,5) -> 560 | G5: =F5*0.75 -> 420 | H5: =ROUND((D5+0.45)/(1-ASM!$B$9),0) -> 302 | I5: =ROUND((D5+0.45)/(1-ASM!$B$9-ASM!$B$10),0) -> 363 | J5: =IF(G5>=H5,"OK","FLOOR ALTI") -> OK
A6: 2 | B6: 8 | C6: 2.54 | D6: =ROUND(C6*ASM!$B$8*ASM!$B$12*(1+ASM!$B$3)+ASM!$B$16+ASM!$B$5+ASM!$B$6,2) -> 278.35 | E6: =ROUND(D6*ASM!$B$7,0) -> 431 | F6: =CEILING(E6/0.75,5) -> 575 | G6: =F6*0.75 -> 431.25 | H6: =ROUND((D6+0.45)/(1-ASM!$B$9),0) -> 312 | I6: =ROUND((D6+0.45)/(1-ASM!$B$9-ASM!$B$10),0) -> 374 | J6: =IF(G6>=H6,"OK","FLOOR ALTI") -> OK
A7: 2 | B7: 9 | C7: 2.64 | D7: =ROUND(C7*ASM!$B$8*ASM!$B$12*(1+ASM!$B$3)+ASM!$B$16+ASM!$B$5+ASM!$B$6,2) -> 286.56 | E7: =ROUND(D7*ASM!$B$7,0) -> 444 | F7: =CEILING(E7/0.75,5) -> 595 | G7: =F7*0.75 -> 446.25 | H7: =ROUND((D7+0.45)/(1-ASM!$B$9),0) -> 321 | I7: =ROUND((D7+0.45)/(1-ASM!$B$9-ASM!$B$10),0) -> 385 | J7: =IF(G7>=H7,"OK","FLOOR ALTI") -> OK
A8: 2 | B8: 10 | C8: 2.74 | D8: =ROUND(C8*ASM!$B$8*ASM!$B$12*(1+ASM!$B$3)+ASM!$B$16+ASM!$B$5+ASM!$B$6,2) -> 294.76 | E8: =ROUND(D8*ASM!$B$7,0) -> 457 | F8: =CEILING(E8/0.75,5) -> 610 | G8: =F8*0.75 -> 457.5 | H8: =ROUND((D8+0.45)/(1-ASM!$B$9),0) -> 330 | I8: =ROUND((D8+0.45)/(1-ASM!$B$9-ASM!$B$10),0) -> 396 | J8: =IF(G8>=H8,"OK","FLOOR ALTI") -> OK
A9: 2 | B9: 11 | C9: 2.84 | D9: =ROUND(C9*ASM!$B$8*ASM!$B$12*(1+ASM!$B$3)+ASM!$B$16+ASM!$B$5+ASM!$B$6,2) -> 302.96 | E9: =ROUND(D9*ASM!$B$7,0) -> 470 | F9: =CEILING(E9/0.75,5) -> 630 | G9: =F9*0.75 -> 472.5 | H9: =ROUND((D9+0.45)/(1-ASM!$B$9),0) -> 339 | I9: =ROUND((D9+0.45)/(1-ASM!$B$9-ASM!$B$10),0) -> 407 | J9: =IF(G9>=H9,"OK","FLOOR ALTI") -> OK
A10: 2 | B10: 12 | C10: 2.94 | D10: =ROUND(C10*ASM!$B$8*ASM!$B$12*(1+ASM!$B$3)+ASM!$B$16+ASM!$B$5+ASM!$B$6,2) -> 311.16 | E10: =ROUND(D10*ASM!$B$7,0) -> 482 | F10: =CEILING(E10/0.75,5) -> 645 | G10: =F10*0.75 -> 483.75 | H10: =ROUND((D10+0.45)/(1-ASM!$B$9),0) -> 348 | I10: =ROUND((D10+0.45)/(1-ASM!$B$9-ASM!$B$10),0) -> 418 | J10: =IF(G10>=H10,"OK","FLOOR ALTI") -> OK
A11: 2 | B11: 13 | C11: 3.04 | D11: =ROUND(C11*ASM!$B$8*ASM!$B$12*(1+ASM!$B$3)+ASM!$B$16+ASM!$B$5+ASM!$B$6,2) -> 319.37 | E11: =ROUND(D11*ASM!$B$7,0) -> 495 | F11: =CEILING(E11/0.75,5) -> 660 | G11: =F11*0.75 -> 495 | H11: =ROUND((D11+0.45)/(1-ASM!$B$9),0) -> 357 | I11: =ROUND((D11+0.45)/(1-ASM!$B$9-ASM!$B$10),0) -> 429 | J11: =IF(G11>=H11,"OK","FLOOR ALTI") -> OK
A12: 2 | B12: 14 | C12: 3.14 | D12: =ROUND(C12*ASM!$B$8*ASM!$B$12*(1+ASM!$B$3)+ASM!$B$16+ASM!$B$5+ASM!$B$6,2) -> 327.57 | E12: =ROUND(D12*ASM!$B$7,0) -> 508 | F12: =CEILING(E12/0.75,5) -> 680 | G12: =F12*0.75 -> 510 | H12: =ROUND((D12+0.45)/(1-ASM!$B$9),0) -> 367 | I12: =ROUND((D12+0.45)/(1-ASM!$B$9-ASM!$B$10),0) -> 440 | J12: =IF(G12>=H12,"OK","FLOOR ALTI") -> OK
A13: 2 | B13: 15 | C13: 3.24 | D13: =ROUND(C13*ASM!$B$8*ASM!$B$12*(1+ASM!$B$3)+ASM!$B$16+ASM!$B$5+ASM!$B$6,2) -> 335.77 | E13: =ROUND(D13*ASM!$B$7,0) -> 520 | F13: =CEILING(E13/0.75,5) -> 695 | G13: =F13*0.75 -> 521.25 | H13: =ROUND((D13+0.45)/(1-ASM!$B$9),0) -> 376 | I13: =ROUND((D13+0.45)/(1-ASM!$B$9-ASM!$B$10),0) -> 451 | J13: =IF(G13>=H13,"OK","FLOOR ALTI") -> OK
A14: 2 | B14: 16 | C14: 3.34 | D14: =ROUND(C14*ASM!$B$8*ASM!$B$12*(1+ASM!$B$3)+ASM!$B$16+ASM!$B$5+ASM!$B$6,2) -> 343.98 | E14: =ROUND(D14*ASM!$B$7,0) -> 533 | F14: =CEILING(E14/0.75,5) -> 715 | G14: =F14*0.75 -> 536.25 | H14: =ROUND((D14+0.45)/(1-ASM!$B$9),0) -> 385 | I14: =ROUND((D14+0.45)/(1-ASM!$B$9-ASM!$B$10),0) -> 462 | J14: =IF(G14>=H14,"OK","FLOOR ALTI") -> OK
