Workbook

Sheet ASM
A1: Parametre | B1: Deger | C1: Not
A2: Spot USD/ozt | B2: 4090 | C2: Spot degisince SADECE bu hucreyi guncelle.
A3: Fire | B3: 0.07
A4: Iscilik USD | B4: 30
A5: Paket USD | B5: 8
A6: Kargo USD | B6: 22
A7: Carpan 2-7mm | B7: 1.55 | C7: Cekirdek segment, ~%24-25 net marj
A8: Spot USD/gram | B8: =B2/31.1035 -> 131.49646
A9: Etsy kesinti | B9: 0.105 | C9: +0.45 sabit
A10: Offsite Ads | B10: 0.15
A11: Saflik 10K | B11: 0.417
A12: Saflik 14K | B12: 0.583
A13: Saflik 18K | B13: 0.75
A14: Kalinlik | B14: 1.5mm | C14: GERCEK URETIM (Yasin teyidi 2026-07-29). 2.0mm tablo GECERSIZ.
A15: Kaynak | C15: Gramlar: partner dome tablosu 1.5mm satirlari. Dogrulama: floor sheet 44/44.
A16: Iscilik Milgrain USD | B16: 40 | C16: Hammered/milgrain istisnasi
A17: Carpan 8-12mm | B17: 2 | C17: Mens wide premium, Husam onayi 2026-07-29

Sheet GIRIS-SIRASI
A1: EON FIYAT GRIDI v4 - 1.5mm GERCEK KALINLIK
A2: Kalinlik 1.5mm (Yasin teyidi). v3 (2.0mm) GECERSIZ, kullanma.
A3: Carpan: 2-7mm genislik 1.55; 8-12mm genislik 2.00 (mens wide premium, bilincli karar).
A4: Milgrain (hammered): MILGRAIN sekmesi, iscilik 40, tum karat ve genislikler.
A5: Flat, Beveled, Knife: gram dome ile ayni, kendi karat sekmesinden oku.
A7: KURALLAR
A8: Etsy LISTE = girilecek/push edilecek fiyat. Motor / 0.75, 5 USD yukari.
A9: Magaza geneli kalici yuzde 25 sale acik. Gorunen sale = Liste x 0.75, motor hedefinin ustunde.
A10: Gorunen sale asla Floor altina inmez; KONTROL kolonu her satirda OK olmali.
A11: Dogrulama: 10K 5mm US7 motor 449 (liste 600); 10K 2mm US7 floor 170, offsite 205.

Sheet 10K
A1: Genislik mm | B1: Beden US | C1: Gram 1.5mm | D1: Landed USD | E1: Motor USD | F1: ETSY LISTE USD | G1: Gorunen Sale USD | H1: Floor USD | I1: Offsite Floor USD | J1: KONTROL
A2: 2 | B2: 4 | C2: 1.37 | D2: =ROUND(C2*ASM!$B$8*ASM!$B$11*(1+ASM!$B$3)+ASM!$B$4+ASM!$B$5+ASM!$B$6,2) -> 140.38 | E2: =ROUND((C2*ASM!$B$8*ASM!$B$11*(1+ASM!$B$3)+ASM!$B$4+ASM!$B$5+ASM!$B$6)*IF(A2<=7,ASM!$B$7,ASM!$B$17),0) -> 218 | F2: =CEILING(E2/0.75,5) -> 295 | G2: =F2*0.75 -> 221.25 | H2: =ROUND((D2+0.45)/(1-ASM!$B$9),0) -> 157 | I2: =ROUND((D2+0.45)/(1-ASM!$B$9-ASM!$B$10),0) -> 189 | J2: =IF(G2>=H2,"OK","FLOOR ALTI") -> OK
A3: 2 | B3: 5 | C3: 1.43 | D3: =ROUND(C3*ASM!$B$8*ASM!$B$11*(1+ASM!$B$3)+ASM!$B$4+ASM!$B$5+ASM!$B$6,2) -> 143.9 | E3: =ROUND((C3*ASM!$B$8*ASM!$B$11*(1+ASM!$B$3)+ASM!$B$4+ASM!$B$5+ASM!$B$6)*IF(A3<=7,ASM!$B$7,ASM!$B$17),0) -> 223 | F3: =CEILING(E3/0.75,5) -> 300 | G3: =F3*0.75 -> 225 | H3: =ROUND((D3+0.45)/(1-ASM!$B$9),0) -> 161 | I3: =ROUND((D3+0.45)/(1-ASM!$B$9-ASM!$B$10),0) -> 194 | J3: =IF(G3>=H3,"OK","FLOOR ALTI") -> OK
A4: 2 | B4: 6 | C4: 1.5 | D4: =ROUND(C4*ASM!$B$8*ASM!$B$11*(1+ASM!$B$3)+ASM!$B$4+ASM!$B$5+ASM!$B$6,2) -> 148.01 | E4: =ROUND((C4*ASM!$B$8*ASM!$B$11*(1+ASM!$B$3)+ASM!$B$4+ASM!$B$5+ASM!$B$6)*IF(A4<=7,ASM!$B$7,ASM!$B$17),0) -> 229 | F4: =CEILING(E4/0.75,5) -> 310 | G4: =F4*0.75 -> 232.5 | H4: =ROUND((D4+0.45)/(1-ASM!$B$9),0) -> 166 | I4: =ROUND((D4+0.45)/(1-ASM!$B$9-ASM!$B$10),0) -> 199 | J4: =IF(G4>=H4,"OK","FLOOR ALTI") -> OK
A5: 2 | B5: 7 | C5: 1.57 | D5: =ROUND(C5*ASM!$B$8*ASM!$B$11*(1+ASM!$B$3)+ASM!$B$4+ASM!$B$5+ASM!$B$6,2) -> 152.12 | E5: =ROUND((C5*ASM!$B$8*ASM!$B$11*(1+ASM!$B$3)+ASM!$B$4+ASM!$B$5+ASM!$B$6)*IF(A5<=7,ASM!$B$7,ASM!$B$17),0) -> 236 | F5: =CEILING(E5/0.75,5) -> 315 | G5: =F5*0.75 -> 236.25 | H5: =ROUND((D5+0.45)/(1-ASM!$B$9),0) -> 170 | I5: =ROUND((D5+0.45)/(1-ASM!$B$9-ASM!$B$10),0) -> 205 | J5: =IF(G5>=H5,"OK","FLOOR ALTI") -> OK
A6: 2 | B6: 8 | C6: 1.63 | D6: =ROUND(C6*ASM!$B$8*ASM!$B$11*(1+ASM!$B$3)+ASM!$B$4+ASM!$B$5+ASM!$B$6,2) -> 155.64 | E6: =ROUND((C6*ASM!$B$8*ASM!$B$11*(1+ASM!$B$3)+ASM!$B$4+ASM!$B$5+ASM!$B$6)*IF(A6<=7,ASM!$B$7,ASM!$B$17),0) -> 241 | F6: =CEILING(E6/0.75,5) -> 325 | G6: =F6*0.75 -> 243.75 | H6: =ROUND((D6+0.45)/(1-ASM!$B$9),0) -> 174 | I6: =ROUND((D6+0.45)/(1-ASM!$B$9-ASM!$B$10),0) -> 210 | J6: =IF(G6>=H6,"OK","FLOOR ALTI") -> OK
A7: 2 | B7: 9 | C7: 1.7 | D7: =ROUND(C7*ASM!$B$8*ASM!$B$11*(1+ASM!$B$3)+ASM!$B$4+ASM!$B$5+ASM!$B$6,2) -> 159.74 | E7: =ROUND((C7*ASM!$B$8*ASM!$B$11*(1+ASM!$B$3)+ASM!$B$4+ASM!$B$5+ASM!$B$6)*IF(A7<=7,ASM!$B$7,ASM!$B$17),0) -> 248 | F7: =CEILING(E7/0.75,5) -> 335 | G7: =F7*0.75 -> 251.25 | H7: =ROUND((D7+0.45)/(1-ASM!$B$9),0) -> 179 | I7: =ROUND((D7+0.45)/(1-ASM!$B$9-ASM!$B$10),0) -> 215 | J7: =IF(G7>=H7,"OK","FLOOR ALTI") -> OK
A8: 2 | B8: 10 | C8: 1.77 | D8: =ROUND(C8*ASM!$B$8*ASM!$B$11*(1+ASM!$B$3)+ASM!$B$4+ASM!$B$5+ASM!$B$6,2) -> 163.85 | E8: =ROUND((C8*ASM!$B$8*ASM!$B$11*(1+ASM!$B$3)+ASM!$B$4+ASM!$B$5+ASM!$B$6)*IF(A8<=7,ASM!$B$7,ASM!$B$17),0) -> 254 | F8: =CEILING(E8/0.75,5) -> 340 | G8: =F8*0.75 -> 255 | H8: =ROUND((D8+0.45)/(1-ASM!$B$9),0) -> 184 | I8: =ROUND((D8+0.45)/(1-ASM!$B$9-ASM!$B$10),0) -> 221 | J8: =IF(G8>=H8,"OK","FLOOR ALTI") -> OK
A9: 2 | B9: 11 | C9: 1.83 | D9: =ROUND(C9*ASM!$B$8*ASM!$B$11*(1+ASM!$B$3)+ASM!$B$4+ASM!$B$5+ASM!$B$6,2) -> 167.37 | E9: =ROUND((C9*ASM!$B$8*ASM!$B$11*(1+ASM!$B$3)+ASM!$B$4+ASM!$B$5+ASM!$B$6)*IF(A9<=7,ASM!$B$7,ASM!$B$17),0) -> 259 | F9: =CEILING(E9/0.75,5) -> 350 | G9: =F9*0.75 -> 262.5 | H9: =ROUND((D9+0.45)/(1-ASM!$B$9),0) -> 188 | I9: =ROUND((D9+0.45)/(1-ASM!$B$9-ASM!$B$10),0) -> 225 | J9: =IF(G9>=H9,"OK","FLOOR ALTI") -> OK
A10: 2 | B10: 12 | C10: 1.9 | D10: =ROUND(C10*ASM!$B$8*ASM!$B$11*(1+ASM!$B$3)+ASM!$B$4+ASM!$B$5+ASM!$B$6,2) -> 171.48 | E10: =ROUND((C10*ASM!$B$8*ASM!$B$11*(1+ASM!$B$3)+ASM!$B$4+ASM!$B$5+ASM!$B$6)*IF(A10<=7,ASM!$B$7,ASM!$B$17),0) -> 266 | F10: =CEILING(E10/0.75,5) -> 355 | G10: =F10*0.75 -> 266.25 | H10: =ROUND((D10+0.45)/(1-ASM!$B$9),0) -> 192 | I10: =ROUND((D10+0.45)/(1-ASM!$B$9-ASM!$B$10),0) -> 231 | J10: =IF(G10>=H10,"OK","FLOOR ALTI") -> OK
A11: 2 | B11: 13 | C11: 1.97 | D11: =ROUND(C11*ASM!$B$8*ASM!$B$11*(1+ASM!$B$3)+ASM!$B$4+ASM!$B$5+ASM!$B$6,2) -> 175.58 | E11: =ROUND((C11*ASM!$B$8*ASM!$B$11*(1+ASM!$B$3)+ASM!$B$4+ASM!$B$5+ASM!$B$6)*IF(A11<=7,ASM!$B$7,ASM!$B$17),0) -> 272 | F11: =CEILING(E11/0.75,5) -> 365 | G11: =F11*0.75 -> 273.75 | H11: =ROUND((D11+0.45)/(1-ASM!$B$9),0) -> 197 | I11: =ROUND((D11+0.45)/(1-ASM!$B$9-ASM!$B$10),0) -> 236 | J11: =IF(G11>=H11,"OK","FLOOR ALTI") -> OK
A12: 2 | B12: 14 | C12: 2.03 | D12: =ROUND(C12*ASM!$B$8*ASM!$B$11*(1+ASM!$B$3)+ASM!$B$4+ASM!$B$5+ASM!$B$6,2) -> 179.1 | E12: =ROUND((C12*ASM!$B$8*ASM!$B$11*(1+ASM!$B$3)+ASM!$B$4+ASM!$B$5+ASM!$B$6)*IF(A12<=7,ASM!$B$7,ASM!$B$17),0) -> 278 | F12: =CEILING(E12/0.75,5) -> 375 | G12: =F12*0.75 -> 281.25 | H12: =ROUND((D12+0.45)/(1-ASM!$B$9),0) -> 201 | I12: =ROUND((D12+0.45)/(1-ASM!$B$9-ASM!$B$10),0) -> 241 | J12: =IF(G12>=H12,"OK","FLOOR ALTI") -> OK
A13: 2 | B13: 15 | C13: 2.1 | D13: =ROUND(C13*ASM!$B$8*ASM!$B$11*(1+ASM!$B$3)+ASM!$B$4+ASM!$B$5+ASM!$B$6,2) -> 183.21 | E13: =ROUND((C13*ASM!$B$8*ASM!$B$11*(1+ASM!$B$3)+ASM!$B$4+ASM!$B$5+ASM!$B$6)*IF(A13<=7,ASM!$B$7,ASM!$B$17),0) -> 284 | F13: =CEILING(E13/0.75,5) -> 380 | G13: =F13*0.75 -> 285 | H13: =ROUND((D13+0.45)/(1-ASM!$B$9),0) -> 205 | I13: =ROUND((D13+0.45)/(1-ASM!$B$9-ASM!$B$10),0) -> 247 | J13: =IF(G13>=H13,"OK","FLOOR ALTI") -> OK
... A144: 12 | B144: 16 | C144: 12.99 | D144: =ROUND(C144*ASM!$B$8*ASM!$B$11*(1+ASM!$B$3)+ASM!$B$4+ASM!$B$5+ASM!$B$6,2) -> 822.15 | E144: =ROUND((C144*ASM!$B$8*ASM!$B$11*(1+ASM!$B$3)+ASM!$B$4+ASM!$B$5+ASM!$B$6)*IF(A144<=7,ASM!$B$7,ASM!$B$17),0) -> 1644 | F144: =CEILING(E144/0.75,5) -> 2195 | G144: =F144*0.75 -> 1646.25 | H144: =ROUND((D144+0.45)/(1-ASM!$B$9),0) -> 919 | I144: =ROUND((D144+0.45)/(1-ASM!$B$9-ASM!$B$10),0) -> 1104 | J144: =IF(G144>=H144,"OK","FLOOR ALTI") -> OK

Sheet 14K
A1: Genislik mm | B1: Beden US | C1: Gram 1.5mm | D1: Landed USD | E1: Motor USD | F1: ETSY LISTE USD | G1: Gorunen Sale USD | H1: Floor USD | I1: Offsite Floor USD | J1: KONTROL
A2: 2 | B2: 4 | C2: 1.56 | D2: =ROUND(C2*ASM!$B$8*ASM!$B$12*(1+ASM!$B$3)+ASM!$B$4+ASM!$B$5+ASM!$B$6,2) -> 187.96 | E2: =ROUND((C2*ASM!$B$8*ASM!$B$12*(1+ASM!$B$3)+ASM!$B$4+ASM!$B$5+ASM!$B$6)*IF(A2<=7,ASM!$B$7,ASM!$B$17),0) -> 291 | F2: =CEILING(E2/0.75,5) -> 390 | G2: =F2*0.75 -> 292.5 | H2: =ROUND((D2+0.45)/(1-ASM!$B$9),0) -> 211 | I2: =ROUND((D2+0.45)/(1-ASM!$B$9-ASM!$B$10),0) -> 253 | J2: =IF(G2>=H2,"OK","FLOOR ALTI") -> OK
A3: 2 | B3: 5 | C3: 1.63 | D3: =ROUND(C3*ASM!$B$8*ASM!$B$12*(1+ASM!$B$3)+ASM!$B$4+ASM!$B$5+ASM!$B$6,2) -> 193.71 | E3: =ROUND((C3*ASM!$B$8*ASM!$B$12*(1+ASM!$B$3)+ASM!$B$4+ASM!$B$5+ASM!$B$6)*IF(A3<=7,ASM!$B$7,ASM!$B$17),0) -> 300 | F3: =CEILING(E3/0.75,5) -> 400 | G3: =F3*0.75 -> 300 | H3: =ROUND((D3+0.45)/(1-ASM!$B$9),0) -> 217 | I3: =ROUND((D3+0.45)/(1-ASM!$B$9-ASM!$B$10),0) -> 261 | J3: =IF(G3>=H3,"OK","FLOOR ALTI") -> OK
A4: 2 | B4: 6 | C4: 1.71 | D4: =ROUND(C4*ASM!$B$8*ASM!$B$12*(1+ASM!$B$3)+ASM!$B$4+ASM!$B$5+ASM!$B$6,2) -> 200.27 | E4: =ROUND((C4*ASM!$B$8*ASM!$B$12*(1+ASM!$B$3)+ASM!$B$4+ASM!$B$5+ASM!$B$6)*IF(A4<=7,ASM!$B$7,ASM!$B$17),0) -> 310 | F4: =CEILING(E4/0.75,5) -> 415 | G4: =F4*0.75 -> 311.25 | H4: =ROUND((D4+0.45)/(1-ASM!$B$9),0) -> 224 | I4: =ROUND((D4+0.45)/(1-ASM!$B$9-ASM!$B$10),0) -> 269 | J4: =IF(G4>=H4,"OK","FLOOR ALTI") -> OK
A5: 2 | B5: 7 | C5: 1.78 | D5: =ROUND(C5*ASM!$B$8*ASM!$B$12*(1+ASM!$B$3)+ASM!$B$4+ASM!$B$5+ASM!$B$6,2) -> 206.01 | E5: =ROUND((C5*ASM!$B$8*ASM!$B$12*(1+ASM!$B$3)+ASM!$B$4+ASM!$B$5+ASM!$B$6)*IF(A5<=7,ASM!$B$7,ASM!$B$17),0) -> 319 | F5: =CEILING(E5/0.75,5) -> 430 | G5: =F5*0.75 -> 322.5 | H5: =ROUND((D5+0.45)/(1-ASM!$B$9),0) -> 231 | I5: =ROUND((D5+0.45)/(1-ASM!$B$9-ASM!$B$10),0) -> 277 | J5: =IF(G5>=H5,"OK","FLOOR ALTI") -> OK
A6: 2 | B6: 8 | C6: 1.86 | D6: =ROUND(C6*ASM!$B$8*ASM!$B$12*(1+ASM!$B$3)+ASM!$B$4+ASM!$B$5+ASM!$B$6,2) -> 212.57 | E6: =ROUND((C6*ASM!$B$8*ASM!$B$12*(1+ASM!$B$3)+ASM!$B$4+ASM!$B$5+ASM!$B$6)*IF(A6<=7,ASM!$B$7,ASM!$B$17),0) -> 329 | F6: =CEILING(E6/0.75,5) -> 440 | G6: =F6*0.75 -> 330 | H6: =ROUND((D6+0.45)/(1-ASM!$B$9),0) -> 238 | I6: =ROUND((D6+0.45)/(1-ASM!$B$9-ASM!$B$10),0) -> 286 | J6: =IF(G6>=H6,"OK","FLOOR ALTI") -> OK
A7: 2 | B7: 9 | C7: 1.93 | D7: =ROUND(C7*ASM!$B$8*ASM!$B$12*(1+ASM!$B$3)+ASM!$B$4+ASM!$B$5+ASM!$B$6,2) -> 218.32 | E7: =ROUND((C7*ASM!$B$8*ASM!$B$12*(1+ASM!$B$3)+ASM!$B$4+ASM!$B$5+ASM!$B$6)*IF(A7<=7,ASM!$B$7,ASM!$B$17),0) -> 338 | F7: =CEILING(E7/0.75,5) -> 455 | G7: =F7*0.75 -> 341.25 | H7: =ROUND((D7+0.45)/(1-ASM!$B$9),0) -> 244 | I7: =ROUND((D7+0.45)/(1-ASM!$B$9-ASM!$B$10),0) -> 294 | J7: =IF(G7>=H7,"OK","FLOOR ALTI") -> OK
A8: 2 | B8: 10 | C8: 2.01 | D8: =ROUND(C8*ASM!$B$8*ASM!$B$12*(1+ASM!$B$3)+ASM!$B$4+ASM!$B$5+ASM!$B$6,2) -> 224.88 | E8: =ROUND((C8*ASM!$B$8*ASM!$B$12*(1+ASM!$B$3)+ASM!$B$4+ASM!$B$5+ASM!$B$6)*IF(A8<=7,ASM!$B$7,ASM!$B$17),0) -> 349 | F8: =CEILING(E8/0.75,5) -> 470 | G8: =F8*0.75 -> 352.5 | H8: =ROUND((D8+0.45)/(1-ASM!$B$9),0) -> 252 | I8: =ROUND((D8+0.45)/(1-ASM!$B$9-ASM!$B$10),0) -> 302 | J8: =IF(G8>=H8,"OK","FLOOR ALTI") -> OK
A9: 2 | B9: 11 | C9: 2.08 | D9: =ROUND(C9*ASM!$B$8*ASM!$B$12*(1+ASM!$B$3)+ASM!$B$4+ASM!$B$5+ASM!$B$6,2) -> 230.62 | E9: =ROUND((C9*ASM!$B$8*ASM!$B$12*(1+ASM!$B$3)+ASM!$B$4+ASM!$B$5+ASM!$B$6)*IF(A9<=7,ASM!$B$7,ASM!$B$17),0) -> 357 | F9: =CEILING(E9/0.75,5) -> 480 | G9: =F9*0.75 -> 360 | H9: =ROUND((D9+0.45)/(1-ASM!$B$9),0) -> 258 | I9: =ROUND((D9+0.45)/(1-ASM!$B$9-ASM!$B$10),0) -> 310 | J9: =IF(G9>=H9,"OK","FLOOR ALTI") -> OK
A10: 2 | B10: 12 | C10: 2.16 | D10: =ROUND(C10*ASM!$B$8*ASM!$B$12*(1+ASM!$B$3)+ASM!$B$4+ASM!$B$5+ASM!$B$6,2) -> 237.18 | E10: =ROUND((C10*ASM!$B$8*ASM!$B$12*(1+ASM!$B$3)+ASM!$B$4+ASM!$B$5+ASM!$B$6)*IF(A10<=7,ASM!$B$7,ASM!$B$17),0) -> 368 | F10: =CEILING(E10/0.75,5) -> 495 | G10: =F10*0.75 -> 371.25 | H10: =ROUND((D10+0.45)/(1-ASM!$B$9),0) -> 266 | I10: =ROUND((D10+0.45)/(1-ASM!$B$9-ASM!$B$10),0) -> 319 | J10: =IF(G10>=H10,"OK","FLOOR ALTI") -> OK
A11: 2 | B11: 13 | C11: 2.23 | D11: =ROUND(C11*ASM!$B$8*ASM!$B$12*(1+ASM!$B$3)+ASM!$B$4+ASM!$B$5+ASM!$B$6,2) -> 242.92 | E11: =ROUND((C11*ASM!$B$8*ASM!$B$12*(1+ASM!$B$3)+ASM!$B$4+ASM!$B$5+ASM!$B$6)*IF(A11<=7,ASM!$B$7,ASM!$B$17),0) -> 377 | F11: =CEILING(E11/0.75,5) -> 505 | G11: =F11*0.75 -> 378.75 | H11: =ROUND((D11+0.45)/(1-ASM!$B$9),0) -> 272 | I11: =ROUND((D11+0.45)/(1-ASM!$B$9-ASM!$B$10),0) -> 327 | J11: =IF(G11>=H11,"OK","FLOOR ALTI") -> OK
A12: 2 | B12: 14 | C12: 2.31 | D12: =ROUND(C12*ASM!$B$8*ASM!$B$12*(1+ASM!$B$3)+ASM!$B$4+ASM!$B$5+ASM!$B$6,2) -> 249.49 | E12: =ROUND((C12*ASM!$B$8*ASM!$B$12*(1+ASM!$B$3)+ASM!$B$4+ASM!$B$5+ASM!$B$6)*IF(A12<=7,ASM!$B$7,ASM!$B$17),0) -> 387 | F12: =CEILING(E12/0.75,5) -> 520 | G12: =F12*0.75 -> 390 | H12: =ROUND((D12+0.45)/(1-ASM!$B$9),0) -> 279 | I12: =ROUND((D12+0.45)/(1-ASM!$B$9-ASM!$B$10),0) -> 335 | J12: =IF(G12>=H12,"OK","FLOOR ALTI") -> OK
A13: 2 | B13: 15 | C13: 2.38 | D13: =ROUND(C13*ASM!$B$8*ASM!$B$12*(1+ASM!$B$3)+ASM!$B$4+ASM!$B$5+ASM!$B$6,2) -> 255.23 | E13: =ROUND((C13*ASM!$B$8*ASM!$B$12*(1+ASM!$B$3)+ASM!$B$4+ASM!$B$5+ASM!$B$6)*IF(A13<=7,ASM!$B$7,ASM!$B$17),0) -> 396 | F13: =CEILING(E13/0.75,5) -> 530 | G13: =F13*0.75 -> 397.5 | H13: =ROUND((D13+0.45)/(1-ASM!$B$9),0) -> 286 | I13: =ROUND((D13+0.45)/(1-ASM!$B$9-ASM!$B$10),0) -> 343 | J13: =IF(G13>=H13,"OK","FLOOR ALTI") -> OK
... A144: 12 | B144: 16 | C144: 14.76 | D144: =ROUND(C144*ASM!$B$8*ASM!$B$12*(1+ASM!$B$3)+ASM!$B$4+ASM!$B$5+ASM!$B$6,2) -> 1270.75 | E144: =ROUND((C144*ASM!$B$8*ASM!$B$12*(1+ASM!$B$3)+ASM!$B$4+ASM!$B$5+ASM!$B$6)*IF(A144<=7,ASM!$B$7,ASM!$B$17),0) -> 2541 | F144: =CEILING(E144/0.75,5) -> 3390 | G144: =F144*0.75 -> 2542.5 | H144: =ROUND((D144+0.45)/(1-ASM!$B$9),0) -> 1420 | I144: =ROUND((D144+0.45)/(1-ASM!$B$9-ASM!$B$10),0) -> 1706 | J144: =IF(G144>=H144,"OK","FLOOR ALTI") -> OK

Sheet 18K
A1: Genislik mm | B1: Beden US | C1: Gram 1.5mm | D1: Landed USD | E1: Motor USD | F1: ETSY LISTE USD | G1: Gorunen Sale USD | H1: Floor USD | I1: Offsite Floor USD | J1: KONTROL
A2: 2 | B2: 4 | C2: 2.04 | D2: =ROUND(C2*ASM!$B$8*ASM!$B$13*(1+ASM!$B$3)+ASM!$B$4+ASM!$B$5+ASM!$B$6,2) -> 275.27 | E2: =ROUND((C2*ASM!$B$8*ASM!$B$13*(1+ASM!$B$3)+ASM!$B$4+ASM!$B$5+ASM!$B$6)*IF(A2<=7,ASM!$B$7,ASM!$B$17),0) -> 427 | F2: =CEILING(E2/0.75,5) -> 570 | G2: =F2*0.75 -> 427.5 | H2: =ROUND((D2+0.45)/(1-ASM!$B$9),0) -> 308 | I2: =ROUND((D2+0.45)/(1-ASM!$B$9-ASM!$B$10),0) -> 370 | J2: =IF(G2>=H2,"OK","FLOOR ALTI") -> OK
A3: 2 | B3: 5 | C3: 2.15 | D3: =ROUND(C3*ASM!$B$8*ASM!$B$13*(1+ASM!$B$3)+ASM!$B$4+ASM!$B$5+ASM!$B$6,2) -> 286.88 | E3: =ROUND((C3*ASM!$B$8*ASM!$B$13*(1+ASM!$B$3)+ASM!$B$4+ASM!$B$5+ASM!$B$6)*IF(A3<=7,ASM!$B$7,ASM!$B$17),0) -> 445 | F3: =CEILING(E3/0.75,5) -> 595 | G3: =F3*0.75 -> 446.25 | H3: =ROUND((D3+0.45)/(1-ASM!$B$9),0) -> 321 | I3: =ROUND((D3+0.45)/(1-ASM!$B$9-ASM!$B$10),0) -> 386 | J3: =IF(G3>=H3,"OK","FLOOR ALTI") -> OK
A4: 2 | B4: 6 | C4: 2.26 | D4: =ROUND(C4*ASM!$B$8*ASM!$B$13*(1+ASM!$B$3)+ASM!$B$4+ASM!$B$5+ASM!$B$6,2) -> 298.49 | E4: =ROUND((C4*ASM!$B$8*ASM!$B$13*(1+ASM!$B$3)+ASM!$B$4+ASM!$B$5+ASM!$B$6)*IF(A4<=7,ASM!$B$7,ASM!$B$17),0) -> 463 | F4: =CEILING(E4/0.75,5) -> 620 | G4: =F4*0.75 -> 465 | H4: =ROUND((D4+0.45)/(1-ASM!$B$9),0) -> 334 | I4: =ROUND((D4+0.45)/(1-ASM!$B$9-ASM!$B$10),0) -> 401 | J4: =IF(G4>=H4,"OK","FLOOR ALTI") -> OK
A5: 2 | B5: 7 | C5: 2.36 | D5: =ROUND(C5*ASM!$B$8*ASM!$B$13*(1+ASM!$B$3)+ASM!$B$4+ASM!$B$5+ASM!$B$6,2) -> 309.04 | E5: =ROUND((C5*ASM!$B$8*ASM!$B$13*(1+ASM!$B$3)+ASM!$B$4+ASM!$B$5+ASM!$B$6)*IF(A5<=7,ASM!$B$7,ASM!$B$17),0) -> 479 | F5: =CEILING(E5/0.75,5) -> 640 | G5: =F5*0.75 -> 480 | H5: =ROUND((D5+0.45)/(1-ASM!$B$9),0) -> 346 | I5: =ROUND((D5+0.45)/(1-ASM!$B$9-ASM!$B$10),0) -> 415 | J5: =IF(G5>=H5,"OK","FLOOR ALTI") -> OK
A6: 2 | B6: 8 | C6: 2.47 | D6: =ROUND(C6*ASM!$B$8*ASM!$B$13*(1+ASM!$B$3)+ASM!$B$4+ASM!$B$5+ASM!$B$6,2) -> 320.65 | E6: =ROUND((C6*ASM!$B$8*ASM!$B$13*(1+ASM!$B$3)+ASM!$B$4+ASM!$B$5+ASM!$B$6)*IF(A6<=7,ASM!$B$7,ASM!$B$17),0) -> 497 | F6: =CEILING(E6/0.75,5) -> 665 | G6: =F6*0.75 -> 498.75 | H6: =ROUND((D6+0.45)/(1-ASM!$B$9),0) -> 359 | I6: =ROUND((D6+0.45)/(1-ASM!$B$9-ASM!$B$10),0) -> 431 | J6: =IF(G6>=H6,"OK","FLOOR ALTI") -> OK
A7: 2 | B7: 9 | C7: 2.57 | D7: =ROUND(C7*ASM!$B$8*ASM!$B$13*(1+ASM!$B$3)+ASM!$B$4+ASM!$B$5+ASM!$B$6,2) -> 331.2 | E7: =ROUND((C7*ASM!$B$8*ASM!$B$13*(1+ASM!$B$3)+ASM!$B$4+ASM!$B$5+ASM!$B$6)*IF(A7<=7,ASM!$B$7,ASM!$B$17),0) -> 513 | F7: =CEILING(E7/0.75,5) -> 685 | G7: =F7*0.75 -> 513.75 | H7: =ROUND((D7+0.45)/(1-ASM!$B$9),0) -> 371 | I7: =ROUND((D7+0.45)/(1-ASM!$B$9-ASM!$B$10),0) -> 445 | J7: =IF(G7>=H7,"OK","FLOOR ALTI") -> OK
A8: 2 | B8: 10 | C8: 2.68 | D8: =ROUND(C8*ASM!$B$8*ASM!$B$13*(1+ASM!$B$3)+ASM!$B$4+ASM!$B$5+ASM!$B$6,2) -> 342.81 | E8: =ROUND((C8*ASM!$B$8*ASM!$B$13*(1+ASM!$B$3)+ASM!$B$4+ASM!$B$5+ASM!$B$6)*IF(A8<=7,ASM!$B$7,ASM!$B$17),0) -> 531 | F8: =CEILING(E8/0.75,5) -> 710 | G8: =F8*0.75 -> 532.5 | H8: =ROUND((D8+0.45)/(1-ASM!$B$9),0) -> 384 | I8: =ROUND((D8+0.45)/(1-ASM!$B$9-ASM!$B$10),0) -> 461 | J8: =IF(G8>=H8,"OK","FLOOR ALTI") -> OK
A9: 2 | B9: 11 | C9: 2.78 | D9: =ROUND(C9*ASM!$B$8*ASM!$B$13*(1+ASM!$B$3)+ASM!$B$4+ASM!$B$5+ASM!$B$6,2) -> 353.36 | E9: =ROUND((C9*ASM!$B$8*ASM!$B$13*(1+ASM!$B$3)+ASM!$B$4+ASM!$B$5+ASM!$B$6)*IF(A9<=7,ASM!$B$7,ASM!$B$17),0) -> 548 | F9: =CEILING(E9/0.75,5) -> 735 | G9: =F9*0.75 -> 551.25 | H9: =ROUND((D9+0.45)/(1-ASM!$B$9),0) -> 395 | I9: =ROUND((D9+0.45)/(1-ASM!$B$9-ASM!$B$10),0) -> 475 | J9: =IF(G9>=H9,"OK","FLOOR ALTI") -> OK
A10: 2 | B10: 12 | C10: 2.89 | D10: =ROUND(C10*ASM!$B$8*ASM!$B$13*(1+ASM!$B$3)+ASM!$B$4+ASM!$B$5+ASM!$B$6,2) -> 364.97 | E10: =ROUND((C10*ASM!$B$8*ASM!$B$13*(1+ASM!$B$3)+ASM!$B$4+ASM!$B$5+ASM!$B$6)*IF(A10<=7,ASM!$B$7,ASM!$B$17),0) -> 566 | F10: =CEILING(E10/0.75,5) -> 755 | G10: =F10*0.75 -> 566.25 | H10: =ROUND((D10+0.45)/(1-ASM!$B$9),0) -> 408 | I10: =ROUND((D10+0.45)/(1-ASM!$B$9-ASM!$B$10),0) -> 490 | J10: =IF(G10>=H10,"OK","FLOOR ALTI") -> OK
A11: 2 | B11: 13 | C11: 3 | D11: =ROUND(C11*ASM!$B$8*ASM!$B$13*(1+ASM!$B$3)+ASM!$B$4+ASM!$B$5+ASM!$B$6,2) -> 376.58 | E11: =ROUND((C11*ASM!$B$8*ASM!$B$13*(1+ASM!$B$3)+ASM!$B$4+ASM!$B$5+ASM!$B$6)*IF(A11<=7,ASM!$B$7,ASM!$B$17),0) -> 584 | F11: =CEILING(E11/0.75,5) -> 780 | G11: =F11*0.75 -> 585 | H11: =ROUND((D11+0.45)/(1-ASM!$B$9),0) -> 421 | I11: =ROUND((D11+0.45)/(1-ASM!$B$9-ASM!$B$10),0) -> 506 | J11: =IF(G11>=H11,"OK","FLOOR ALTI") -> OK
A12: 2 | B12: 14 | C12: 3.13 | D12: =ROUND(C12*ASM!$B$8*ASM!$B$13*(1+ASM!$B$3)+ASM!$B$4+ASM!$B$5+ASM!$B$6,2) -> 390.3 | E12: =ROUND((C12*ASM!$B$8*ASM!$B$13*(1+ASM!$B$3)+ASM!$B$4+ASM!$B$5+ASM!$B$6)*IF(A12<=7,ASM!$B$7,ASM!$B$17),0) -> 605 | F12: =CEILING(E12/0.75,5) -> 810 | G12: =F12*0.75 -> 607.5 | H12: =ROUND((D12+0.45)/(1-ASM!$B$9),0) -> 437 | I12: =ROUND((D12+0.45)/(1-ASM!$B$9-ASM!$B$10),0) -> 524 | J12: =IF(G12>=H12,"OK","FLOOR ALTI") -> OK
A13: 2 | B13: 15 | C13: 3.26 | D13: =ROUND(C13*ASM!$B$8*ASM!$B$13*(1+ASM!$B$3)+ASM!$B$4+ASM!$B$5+ASM!$B$6,2) -> 404.01 | E13: =ROUND((C13*ASM!$B$8*ASM!$B$13*(1+ASM!$B$3)+ASM!$B$4+ASM!$B$5+ASM!$B$6)*IF(A13<=7,ASM!$B$7,ASM!$B$17),0) -> 626 | F13: =CEILING(E13/0.75,5) -> 835 | G13: =F13*0.75 -> 626.25 | H13: =ROUND((D13+0.45)/(1-ASM!$B$9),0) -> 452 | I13: =ROUND((D13+0.45)/(1-ASM!$B$9-ASM!$B$10),0) -> 543 | J13: =IF(G13>=H13,"OK","FLOOR ALTI") -> OK
... A144: 12 | B144: 16 | C144: 16.83 | D144: =ROUND(C144*ASM!$B$8*ASM!$B$13*(1+ASM!$B$3)+ASM!$B$4+ASM!$B$5+ASM!$B$6,2) -> 1836 | E144: =ROUND((C144*ASM!$B$8*ASM!$B$13*(1+ASM!$B$3)+ASM!$B$4+ASM!$B$5+ASM!$B$6)*IF(A144<=7,ASM!$B$7,ASM!$B$17),0) -> 3672 | F144: =CEILING(E144/0.75,5) -> 4900 | G144: =F144*0.75 -> 3675 | H144: =ROUND((D144+0.45)/(1-ASM!$B$9),0) -> 2052 | I144: =ROUND((D144+0.45)/(1-ASM!$B$9-ASM!$B$10),0) -> 2465 | J144: =IF(G144>=H144,"OK","FLOOR ALTI") -> OK

Sheet MILGRAIN
A1: Karat | B1: Genislik mm | C1: Beden US | D1: Gram 1.5mm | E1: Landed USD | F1: Motor USD | G1: ETSY LISTE USD | H1: Gorunen Sale USD | I1: Floor USD | J1: Offsite Floor USD | K1: KONTROL
A2: 10K | B2: 2 | C2: 4 | D2: 1.37 | E2: =ROUND(D2*ASM!$B$8*IF(A2="10K",ASM!$B$11,IF(A2="14K",ASM!$B$12,ASM!$B$13))*(1+ASM!$B$3)+ASM!$B$16+ASM!$B$5+ASM!$B$6,2) -> 150.38 | F2: =ROUND((D2*ASM!$B$8*IF(A2="10K",ASM!$B$11,IF(A2="14K",ASM!$B$12,ASM!$B$13))*(1+ASM!$B$3)+ASM!$B$16+ASM!$B$5+ASM!$B$6)*IF(B2<=7,ASM!$B$7,ASM!$B$17),0) -> 233 | G2: =CEILING(F2/0.75,5) -> 315 | H2: =G2*0.75 -> 236.25 | I2: =ROUND((E2+0.45)/(1-ASM!$B$9),0) -> 169 | J2: =ROUND((E2+0.45)/(1-ASM!$B$9-ASM!$B$10),0) -> 202 | K2: =IF(H2>=I2,"OK","FLOOR ALTI") -> OK
A3: 10K | B3: 2 | C3: 5 | D3: 1.43 | E3: =ROUND(D3*ASM!$B$8*IF(A3="10K",ASM!$B$11,IF(A3="14K",ASM!$B$12,ASM!$B$13))*(1+ASM!$B$3)+ASM!$B$16+ASM!$B$5+ASM!$B$6,2) -> 153.9 | F3: =ROUND((D3*ASM!$B$8*IF(A3="10K",ASM!$B$11,IF(A3="14K",ASM!$B$12,ASM!$B$13))*(1+ASM!$B$3)+ASM!$B$16+ASM!$B$5+ASM!$B$6)*IF(B3<=7,ASM!$B$7,ASM!$B$17),0) -> 239 | G3: =CEILING(F3/0.75,5) -> 320 | H3: =G3*0.75 -> 240 | I3: =ROUND((E3+0.45)/(1-ASM!$B$9),0) -> 172 | J3: =ROUND((E3+0.45)/(1-ASM!$B$9-ASM!$B$10),0) -> 207 | K3: =IF(H3>=I3,"OK","FLOOR ALTI") -> OK
A4: 10K | B4: 2 | C4: 6 | D4: 1.5 | E4: =ROUND(D4*ASM!$B$8*IF(A4="10K",ASM!$B$11,IF(A4="14K",ASM!$B$12,ASM!$B$13))*(1+ASM!$B$3)+ASM!$B$16+ASM!$B$5+ASM!$B$6,2) -> 158.01 | F4: =ROUND((D4*ASM!$B$8*IF(A4="10K",ASM!$B$11,IF(A4="14K",ASM!$B$12,ASM!$B$13))*(1+ASM!$B$3)+ASM!$B$16+ASM!$B$5+ASM!$B$6)*IF(B4<=7,ASM!$B$7,ASM!$B$17),0) -> 245 | G4: =CEILING(F4/0.75,5) -> 330 | H4: =G4*0.75 -> 247.5 | I4: =ROUND((E4+0.45)/(1-ASM!$B$9),0) -> 177 | J4: =ROUND((E4+0.45)/(1-ASM!$B$9-ASM!$B$10),0) -> 213 | K4: =IF(H4>=I4,"OK","FLOOR ALTI") -> OK
A5: 10K | B5: 2 | C5: 7 | D5: 1.57 | E5: =ROUND(D5*ASM!$B$8*IF(A5="10K",ASM!$B$11,IF(A5="14K",ASM!$B$12,ASM!$B$13))*(1+ASM!$B$3)+ASM!$B$16+ASM!$B$5+ASM!$B$6,2) -> 162.12 | F5: =ROUND((D5*ASM!$B$8*IF(A5="10K",ASM!$B$11,IF(A5="14K",ASM!$B$12,ASM!$B$13))*(1+ASM!$B$3)+ASM!$B$16+ASM!$B$5+ASM!$B$6)*IF(B5<=7,ASM!$B$7,ASM!$B$17),0) -> 251 | G5: =CEILING(F5/0.75,5) -> 335 | H5: =G5*0.75 -> 251.25 | I5: =ROUND((E5+0.45)/(1-ASM!$B$9),0) -> 182 | J5: =ROUND((E5+0.45)/(1-ASM!$B$9-ASM!$B$10),0) -> 218 | K5: =IF(H5>=I5,"OK","FLOOR ALTI") -> OK
A6: 10K | B6: 2 | C6: 8 | D6: 1.63 | E6: =ROUND(D6*ASM!$B$8*IF(A6="10K",ASM!$B$11,IF(A6="14K",ASM!$B$12,ASM!$B$13))*(1+ASM!$B$3)+ASM!$B$16+ASM!$B$5+ASM!$B$6,2) -> 165.64 | F6: =ROUND((D6*ASM!$B$8*IF(A6="10K",ASM!$B$11,IF(A6="14K",ASM!$B$12,ASM!$B$13))*(1+ASM!$B$3)+ASM!$B$16+ASM!$B$5+ASM!$B$6)*IF(B6<=7,ASM!$B$7,ASM!$B$17),0) -> 257 | G6: =CEILING(F6/0.75,5) -> 345 | H6: =G6*0.75 -> 258.75 | I6: =ROUND((E6+0.45)/(1-ASM!$B$9),0) -> 186 | J6: =ROUND((E6+0.45)/(1-ASM!$B$9-ASM!$B$10),0) -> 223 | K6: =IF(H6>=I6,"OK","FLOOR ALTI") -> OK
A7: 10K | B7: 2 | C7: 9 | D7: 1.7 | E7: =ROUND(D7*ASM!$B$8*IF(A7="10K",ASM!$B$11,IF(A7="14K",ASM!$B$12,ASM!$B$13))*(1+ASM!$B$3)+ASM!$B$16+ASM!$B$5+ASM!$B$6,2) -> 169.74 | F7: =ROUND((D7*ASM!$B$8*IF(A7="10K",ASM!$B$11,IF(A7="14K",ASM!$B$12,ASM!$B$13))*(1+ASM!$B$3)+ASM!$B$16+ASM!$B$5+ASM!$B$6)*IF(B7<=7,ASM!$B$7,ASM!$B$17),0) -> 263 | G7: =CEILING(F7/0.75,5) -> 355 | H7: =G7*0.75 -> 266.25 | I7: =ROUND((E7+0.45)/(1-ASM!$B$9),0) -> 190 | J7: =ROUND((E7+0.45)/(1-ASM!$B$9-ASM!$B$10),0) -> 228 | K7: =IF(H7>=I7,"OK","FLOOR ALTI") -> OK
A8: 10K | B8: 2 | C8: 10 | D8: 1.77 | E8: =ROUND(D8*ASM!$B$8*IF(A8="10K",ASM!$B$11,IF(A8="14K",ASM!$B$12,ASM!$B$13))*(1+ASM!$B$3)+ASM!$B$16+ASM!$B$5+ASM!$B$6,2) -> 173.85 | F8: =ROUND((D8*ASM!$B$8*IF(A8="10K",ASM!$B$11,IF(A8="14K",ASM!$B$12,ASM!$B$13))*(1+ASM!$B$3)+ASM!$B$16+ASM!$B$5+ASM!$B$6)*IF(B8<=7,ASM!$B$7,ASM!$B$17),0) -> 269 | G8: =CEILING(F8/0.75,5) -> 360 | H8: =G8*0.75 -> 270 | I8: =ROUND((E8+0.45)/(1-ASM!$B$9),0) -> 195 | J8: =ROUND((E8+0.45)/(1-ASM!$B$9-ASM!$B$10),0) -> 234 | K8: =IF(H8>=I8,"OK","FLOOR ALTI") -> OK
A9: 10K | B9: 2 | C9: 11 | D9: 1.83 | E9: =ROUND(D9*ASM!$B$8*IF(A9="10K",ASM!$B$11,IF(A9="14K",ASM!$B$12,ASM!$B$13))*(1+ASM!$B$3)+ASM!$B$16+ASM!$B$5+ASM!$B$6,2) -> 177.37 | F9: =ROUND((D9*ASM!$B$8*IF(A9="10K",ASM!$B$11,IF(A9="14K",ASM!$B$12,ASM!$B$13))*(1+ASM!$B$3)+ASM!$B$16+ASM!$B$5+ASM!$B$6)*IF(B9<=7,ASM!$B$7,ASM!$B$17),0) -> 275 | G9: =CEILING(F9/0.75,5) -> 370 | H9: =G9*0.75 -> 277.5 | I9: =ROUND((E9+0.45)/(1-ASM!$B$9),0) -> 199 | J9: =ROUND((E9+0.45)/(1-ASM!$B$9-ASM!$B$10),0) -> 239 | K9: =IF(H9>=I9,"OK","FLOOR ALTI") -> OK
A10: 10K | B10: 2 | C10: 12 | D10: 1.9 | E10: =ROUND(D10*ASM!$B$8*IF(A10="10K",ASM!$B$11,IF(A10="14K",ASM!$B$12,ASM!$B$13))*(1+ASM!$B$3)+ASM!$B$16+ASM!$B$5+ASM!$B$6,2) -> 181.48 | F10: =ROUND((D10*ASM!$B$8*IF(A10="10K",ASM!$B$11,IF(A10="14K",ASM!$B$12,ASM!$B$13))*(1+ASM!$B$3)+ASM!$B$16+ASM!$B$5+ASM!$B$6)*IF(B10<=7,ASM!$B$7,ASM!$B$17),0) -> 281 | G10: =CEILING(F10/0.75,5) -> 375 | H10: =G10*0.75 -> 281.25 | I10: =ROUND((E10+0.45)/(1-ASM!$B$9),0) -> 203 | J10: =ROUND((E10+0.45)/(1-ASM!$B$9-ASM!$B$10),0) -> 244 | K10: =IF(H10>=I10,"OK","FLOOR ALTI") -> OK
A11: 10K | B11: 2 | C11: 13 | D11: 1.97 | E11: =ROUND(D11*ASM!$B$8*IF(A11="10K",ASM!$B$11,IF(A11="14K",ASM!$B$12,ASM!$B$13))*(1+ASM!$B$3)+ASM!$B$16+ASM!$B$5+ASM!$B$6,2) -> 185.58 | F11: =ROUND((D11*ASM!$B$8*IF(A11="10K",ASM!$B$11,IF(A11="14K",ASM!$B$12,ASM!$B$13))*(1+ASM!$B$3)+ASM!$B$16+ASM!$B$5+ASM!$B$6)*IF(B11<=7,ASM!$B$7,ASM!$B$17),0) -> 288 | G11: =CEILING(F11/0.75,5) -> 385 | H11: =G11*0.75 -> 288.75 | I11: =ROUND((E11+0.45)/(1-ASM!$B$9),0) -> 208 | J11: =ROUND((E11+0.45)/(1-ASM!$B$9-ASM!$B$10),0) -> 250 | K11: =IF(H11>=I11,"OK","FLOOR ALTI") -> OK
A12: 10K | B12: 2 | C12: 14 | D12: 2.03 | E12: =ROUND(D12*ASM!$B$8*IF(A12="10K",ASM!$B$11,IF(A12="14K",ASM!$B$12,ASM!$B$13))*(1+ASM!$B$3)+ASM!$B$16+ASM!$B$5+ASM!$B$6,2) -> 189.1 | F12: =ROUND((D12*ASM!$B$8*IF(A12="10K",ASM!$B$11,IF(A12="14K",ASM!$B$12,ASM!$B$13))*(1+ASM!$B$3)+ASM!$B$16+ASM!$B$5+ASM!$B$6)*IF(B12<=7,ASM!$B$7,ASM!$B$17),0) -> 293 | G12: =CEILING(F12/0.75,5) -> 395 | H12: =G12*0.75 -> 296.25 | I12: =ROUND((E12+0.45)/(1-ASM!$B$9),0) -> 212 | J12: =ROUND((E12+0.45)/(1-ASM!$B$9-ASM!$B$10),0) -> 254 | K12: =IF(H12>=I12,"OK","FLOOR ALTI") -> OK
A13: 10K | B13: 2 | C13: 15 | D13: 2.1 | E13: =ROUND(D13*ASM!$B$8*IF(A13="10K",ASM!$B$11,IF(A13="14K",ASM!$B$12,ASM!$B$13))*(1+ASM!$B$3)+ASM!$B$16+ASM!$B$5+ASM!$B$6,2) -> 193.21 | F13: =ROUND((D13*ASM!$B$8*IF(A13="10K",ASM!$B$11,IF(A13="14K",ASM!$B$12,ASM!$B$13))*(1+ASM!$B$3)+ASM!$B$16+ASM!$B$5+ASM!$B$6)*IF(B13<=7,ASM!$B$7,ASM!$B$17),0) -> 299 | G13: =CEILING(F13/0.75,5) -> 400 | H13: =G13*0.75 -> 300 | I13: =ROUND((E13+0.45)/(1-ASM!$B$9),0) -> 216 | J13: =ROUND((E13+0.45)/(1-ASM!$B$9-ASM!$B$10),0) -> 260 | K13: =IF(H13>=I13,"OK","FLOOR ALTI") -> OK
... A430: 18K | B430: 12 | C430: 16 | D430: 16.83 | E430: =ROUND(D430*ASM!$B$8*IF(A430="10K",ASM!$B$11,IF(A430="14K",ASM!$B$12,ASM!$B$13))*(1+ASM!$B$3)+ASM!$B$16+ASM!$B$5+ASM!$B$6,2) -> 1846 | F430: =ROUND((D430*ASM!$B$8*IF(A430="10K",ASM!$B$11,IF(A430="14K",ASM!$B$12,ASM!$B$13))*(1+ASM!$B$3)+ASM!$B$16+ASM!$B$5+ASM!$B$6)*IF(B430<=7,ASM!$B$7,ASM!$B$17),0) -> 3692 | G430: =CEILING(F430/0.75,5) -> 4925 | H430: =G430*0.75 -> 3693.75 | I430: =ROUND((E430+0.45)/(1-ASM!$B$9),0) -> 2063 | J430: =ROUND((E430+0.45)/(1-ASM!$B$9-ASM!$B$10),0) -> 2478 | K430: =IF(H430>=I430,"OK","FLOOR ALTI") -> OK
