Workbook

Sheet Ayarlar
A1: JADE GOLD NYC — FİYAT AYARLARI
A2: AYAR | B2: DEĞER | C2: AÇIKLAMA
A3: Altın maliyeti ($/gram) | B3: 106 | C3: Her şey dahil tedarikçi faturası: ham altın + işçilik + taş
A4: Kargo ($) | B4: 5 | C4: Ücretsiz kargo — bedeli satıcıda
A5: Ambalaj ($) | B5: 1.5
A6: Etsy indirimi | B6: 0.15 | C6: Kalıcı mağaza indirimi — tahsilat = liste × 0,85
A7: Etsy oransal kesinti | B7: 0.095 | C7: %6,5 işlem + %3 ödeme
A8: Etsy sabit kesinti ($) | B8: 0.25
A9: Hedef net marj | B9: 0.2 | C9: Fiyat önerisi bu marja göre hesaplanır
A11: Sarı hücreler düzenlenebilir. Değiştirince tüm sekmeler yeniden hesaplanır.

Sheet Eksik Gramlar
A1: Bölüm | B1: Listing | C1: Etsy ID | D1: SKU | E1: Fiyat $ | F1: GRAM | G1: Maliyet $ | H1: Breakeven $ | I1: Hedef Fiyat $ | J1: Marj | K1: Durum | L1: Etsy Linki
A2: chains | B2: 10K Gold Rope Chain Necklace – Twisted Diamond Cut | C2: 1862428966 | D2: C1862428966 | E2: 226.39 | G2: =IF(F2="","",F2*Ayarlar!$B$3+Ayarlar!$B$4+Ayarlar!$B$5) | H2: =IF(F2="","",ROUNDUP(((F2*Ayarlar!$B$3+Ayarlar!$B$4+Ayarlar!$B$5)+Ayarlar!$B$8)/((1-Ayarlar!$B$6)*(1-Ayarlar!$B$7)),0)) | I2: =IF(F2="","",ROUNDUP(((F2*Ayarlar!$B$3+Ayarlar!$B$4+Ayarlar!$B$5)+Ayarlar!$B$8)/((1-Ayarlar!$B$6)*(1-Ayarlar!$B$7-Ayarlar!$B$9)),0)) | J2: =IF(OR(F2="",E2=""),"",(E2*(1-Ayarlar!$B$6)-(E2*(1-Ayarlar!$B$6)*Ayarlar!$B$7+Ayarlar!$B$8)-(F2*Ayarlar!$B$3+Ayarlar!$B$4+Ayarlar!$B$5))/(E2*(1-Ayarlar!$B$6))) | K2: =IF(F2="","GRAM EKSİK",IF(E2>30000,"FİYAT ŞÜPHELİ",IF(J2<0,"ZARARDA",IF(E2<H2,"RİSKLİ","ok")))) | L2: https://www.etsy.com/listing/1862428966
A3: chains | B3: 10K Solid Gold Herringbone Necklace, High Polish Snake Chain | C3: 1294201622 | D3: R1294201622 | E3: 86.27 | G3: =IF(F3="","",F3*Ayarlar!$B$3+Ayarlar!$B$4+Ayarlar!$B$5) | H3: =IF(F3="","",ROUNDUP(((F3*Ayarlar!$B$3+Ayarlar!$B$4+Ayarlar!$B$5)+Ayarlar!$B$8)/((1-Ayarlar!$B$6)*(1-Ayarlar!$B$7)),0)) | I3: =IF(F3="","",ROUNDUP(((F3*Ayarlar!$B$3+Ayarlar!$B$4+Ayarlar!$B$5)+Ayarlar!$B$8)/((1-Ayarlar!$B$6)*(1-Ayarlar!$B$7-Ayarlar!$B$9)),0)) | J3: =IF(OR(F3="",E3=""),"",(E3*(1-Ayarlar!$B$6)-(E3*(1-Ayarlar!$B$6)*Ayarlar!$B$7+Ayarlar!$B$8)-(F3*Ayarlar!$B$3+Ayarlar!$B$4+Ayarlar!$B$5))/(E3*(1-Ayarlar!$B$6))) | K3: =IF(F3="","GRAM EKSİK",IF(E3>30000,"FİYAT ŞÜPHELİ",IF(J3<0,"ZARARDA",IF(E3<H3,"RİSKLİ","ok")))) | L3: https://www.etsy.com/listing/1294201622
A4: chains | B4: 14K Gold Necklace, Solid White Bead Ball Chain Design | C4: 4546907749 | D4: CWM42F-16 | E4: 812.7 | G4: =IF(F4="","",F4*Ayarlar!$B$3+Ayarlar!$B$4+Ayarlar!$B$5) | H4: =IF(F4="","",ROUNDUP(((F4*Ayarlar!$B$3+Ayarlar!$B$4+Ayarlar!$B$5)+Ayarlar!$B$8)/((1-Ayarlar!$B$6)*(1-Ayarlar!$B$7)),0)) | I4: =IF(F4="","",ROUNDUP(((F4*Ayarlar!$B$3+Ayarlar!$B$4+Ayarlar!$B$5)+Ayarlar!$B$8)/((1-Ayarlar!$B$6)*(1-Ayarlar!$B$7-Ayarlar!$B$9)),0)) | J4: =IF(OR(F4="",E4=""),"",(E4*(1-Ayarlar!$B$6)-(E4*(1-Ayarlar!$B$6)*Ayarlar!$B$7+Ayarlar!$B$8)-(F4*Ayarlar!$B$3+Ayarlar!$B$4+Ayarlar!$B$5))/(E4*(1-Ayarlar!$B$6))) | K4: =IF(F4="","GRAM EKSİK",IF(E4>30000,"FİYAT ŞÜPHELİ",IF(J4<0,"ZARARDA",IF(E4<H4,"RİSKLİ","ok")))) | L4: https://www.etsy.com/listing/4546907749
A5: chains | B5: 14K Gold Necklace, Solid White Bead Ball Chain Design | C5: 4546907749 | D5: CWM42F-18 | E5: 914.28 | G5: =IF(F5="","",F5*Ayarlar!$B$3+Ayarlar!$B$4+Ayarlar!$B$5) | H5: =IF(F5="","",ROUNDUP(((F5*Ayarlar!$B$3+Ayarlar!$B$4+Ayarlar!$B$5)+Ayarlar!$B$8)/((1-Ayarlar!$B$6)*(1-Ayarlar!$B$7)),0)) | I5: =IF(F5="","",ROUNDUP(((F5*Ayarlar!$B$3+Ayarlar!$B$4+Ayarlar!$B$5)+Ayarlar!$B$8)/((1-Ayarlar!$B$6)*(1-Ayarlar!$B$7-Ayarlar!$B$9)),0)) | J5: =IF(OR(F5="",E5=""),"",(E5*(1-Ayarlar!$B$6)-(E5*(1-Ayarlar!$B$6)*Ayarlar!$B$7+Ayarlar!$B$8)-(F5*Ayarlar!$B$3+Ayarlar!$B$4+Ayarlar!$B$5))/(E5*(1-Ayarlar!$B$6))) | K5: =IF(F5="","GRAM EKSİK",IF(E5>30000,"FİYAT ŞÜPHELİ",IF(J5<0,"ZARARDA",IF(E5<H5,"RİSKLİ","ok")))) | L5: https://www.etsy.com/listing/4546907749
A6: chains | B6: 14K Gold Necklace, Solid White Bead Ball Chain Design | C6: 4546907749 | D6: CWM42F-20 | E6: 1015.87 | G6: =IF(F6="","",F6*Ayarlar!$B$3+Ayarlar!$B$4+Ayarlar!$B$5) | H6: =IF(F6="","",ROUNDUP(((F6*Ayarlar!$B$3+Ayarlar!$B$4+Ayarlar!$B$5)+Ayarlar!$B$8)/((1-Ayarlar!$B$6)*(1-Ayarlar!$B$7)),0)) | I6: =IF(F6="","",ROUNDUP(((F6*Ayarlar!$B$3+Ayarlar!$B$4+Ayarlar!$B$5)+Ayarlar!$B$8)/((1-Ayarlar!$B$6)*(1-Ayarlar!$B$7-Ayarlar!$B$9)),0)) | J6: =IF(OR(F6="",E6=""),"",(E6*(1-Ayarlar!$B$6)-(E6*(1-Ayarlar!$B$6)*Ayarlar!$B$7+Ayarlar!$B$8)-(F6*Ayarlar!$B$3+Ayarlar!$B$4+Ayarlar!$B$5))/(E6*(1-Ayarlar!$B$6))) | K6: =IF(F6="","GRAM EKSİK",IF(E6>30000,"FİYAT ŞÜPHELİ",IF(J6<0,"ZARARDA",IF(E6<H6,"RİSKLİ","ok")))) | L6: https://www.etsy.com/listing/4546907749
A7: chains | B7: 14K Gold Necklace, Solid White Bead Ball Chain Design | C7: 4546907749 | D7: CWM42F-22 | E7: 1117.46 | G7: =IF(F7="","",F7*Ayarlar!$B$3+Ayarlar!$B$4+Ayarlar!$B$5) | H7: =IF(F7="","",ROUNDUP(((F7*Ayarlar!$B$3+Ayarlar!$B$4+Ayarlar!$B$5)+Ayarlar!$B$8)/((1-Ayarlar!$B$6)*(1-Ayarlar!$B$7)),0)) | I7: =IF(F7="","",ROUNDUP(((F7*Ayarlar!$B$3+Ayarlar!$B$4+Ayarlar!$B$5)+Ayarlar!$B$8)/((1-Ayarlar!$B$6)*(1-Ayarlar!$B$7-Ayarlar!$B$9)),0)) | J7: =IF(OR(F7="",E7=""),"",(E7*(1-Ayarlar!$B$6)-(E7*(1-Ayarlar!$B$6)*Ayarlar!$B$7+Ayarlar!$B$8)-(F7*Ayarlar!$B$3+Ayarlar!$B$4+Ayarlar!$B$5))/(E7*(1-Ayarlar!$B$6))) | K7: =IF(F7="","GRAM EKSİK",IF(E7>30000,"FİYAT ŞÜPHELİ",IF(J7<0,"ZARARDA",IF(E7<H7,"RİSKLİ","ok")))) | L7: https://www.etsy.com/listing/4546907749
A8: chains | B8: 14K Gold Necklace, Solid White Bead Ball Chain Design | C8: 4546907749 | D8: CWM42F-24 | E8: 1219.05 | G8: =IF(F8="","",F8*Ayarlar!$B$3+Ayarlar!$B$4+Ayarlar!$B$5) | H8: =IF(F8="","",ROUNDUP(((F8*Ayarlar!$B$3+Ayarlar!$B$4+Ayarlar!$B$5)+Ayarlar!$B$8)/((1-Ayarlar!$B$6)*(1-Ayarlar!$B$7)),0)) | I8: =IF(F8="","",ROUNDUP(((F8*Ayarlar!$B$3+Ayarlar!$B$4+Ayarlar!$B$5)+Ayarlar!$B$8)/((1-Ayarlar!$B$6)*(1-Ayarlar!$B$7-Ayarlar!$B$9)),0)) | J8: =IF(OR(F8="",E8=""),"",(E8*(1-Ayarlar!$B$6)-(E8*(1-Ayarlar!$B$6)*Ayarlar!$B$7+Ayarlar!$B$8)-(F8*Ayarlar!$B$3+Ayarlar!$B$4+Ayarlar!$B$5))/(E8*(1-Ayarlar!$B$6))) | K8: =IF(F8="","GRAM EKSİK",IF(E8>30000,"FİYAT ŞÜPHELİ",IF(J8<0,"ZARARDA",IF(E8<H8,"RİSKLİ","ok")))) | L8: https://www.etsy.com/listing/4546907749
A9: chains | B9: 14K Gold Necklace, Solid White Bead Ball Chain Design | C9: 4546907749 | D9: CWM43F-16 | E9: 1741.5 | G9: =IF(F9="","",F9*Ayarlar!$B$3+Ayarlar!$B$4+Ayarlar!$B$5) | H9: =IF(F9="","",ROUNDUP(((F9*Ayarlar!$B$3+Ayarlar!$B$4+Ayarlar!$B$5)+Ayarlar!$B$8)/((1-Ayarlar!$B$6)*(1-Ayarlar!$B$7)),0)) | I9: =IF(F9="","",ROUNDUP(((F9*Ayarlar!$B$3+Ayarlar!$B$4+Ayarlar!$B$5)+Ayarlar!$B$8)/((1-Ayarlar!$B$6)*(1-Ayarlar!$B$7-Ayarlar!$B$9)),0)) | J9: =IF(OR(F9="",E9=""),"",(E9*(1-Ayarlar!$B$6)-(E9*(1-Ayarlar!$B$6)*Ayarlar!$B$7+Ayarlar!$B$8)-(F9*Ayarlar!$B$3+Ayarlar!$B$4+Ayarlar!$B$5))/(E9*(1-Ayarlar!$B$6))) | K9: =IF(F9="","GRAM EKSİK",IF(E9>30000,"FİYAT ŞÜPHELİ",IF(J9<0,"ZARARDA",IF(E9<H9,"RİSKLİ","ok")))) | L9: https://www.etsy.com/listing/4546907749
A10: chains | B10: 14K Gold Necklace, Solid White Bead Ball Chain Design | C10: 4546907749 | D10: CWM43F-18 | E10: 1950.48 | G10: =IF(F10="","",F10*Ayarlar!$B$3+Ayarlar!$B$4+Ayarlar!$B$5) | H10: =IF(F10="","",ROUNDUP(((F10*Ayarlar!$B$3+Ayarlar!$B$4+Ayarlar!$B$5)+Ayarlar!$B$8)/((1-Ayarlar!$B$6)*(1-Ayarlar!$B$7)),0)) | I10: =IF(F10="","",ROUNDUP(((F10*Ayarlar!$B$3+Ayarlar!$B$4+Ayarlar!$B$5)+Ayarlar!$B$8)/((1-Ayarlar!$B$6)*(1-Ayarlar!$B$7-Ayarlar!$B$9)),0)) | J10: =IF(OR(F10="",E10=""),"",(E10*(1-Ayarlar!$B$6)-(E10*(1-Ayarlar!$B$6)*Ayarlar!$B$7+Ayarlar!$B$8)-(F10*Ayarlar!$B$3+Ayarlar!$B$4+Ayarlar!$B$5))/(E10*(1-Ayarlar!$B$6))) | K10: =IF(F10="","GRAM EKSİK",IF(E10>30000,"FİYAT ŞÜPHELİ",IF(J10<0,"ZARARDA",IF(E10<H10,"RİSKLİ","ok")))) | L10: https://www.etsy.com/listing/4546907749
A11: chains | B11: 14K Gold Necklace, Solid White Bead Ball Chain Design | C11: 4546907749 | D11: CWM43F-20 | E11: 2147.85 | G11: =IF(F11="","",F11*Ayarlar!$B$3+Ayarlar!$B$4+Ayarlar!$B$5) | H11: =IF(F11="","",ROUNDUP(((F11*Ayarlar!$B$3+Ayarlar!$B$4+Ayarlar!$B$5)+Ayarlar!$B$8)/((1-Ayarlar!$B$6)*(1-Ayarlar!$B$7)),0)) | I11: =IF(F11="","",ROUNDUP(((F11*Ayarlar!$B$3+Ayarlar!$B$4+Ayarlar!$B$5)+Ayarlar!$B$8)/((1-Ayarlar!$B$6)*(1-Ayarlar!$B$7-Ayarlar!$B$9)),0)) | J11: =IF(OR(F11="",E11=""),"",(E11*(1-Ayarlar!$B$6)-(E11*(1-Ayarlar!$B$6)*Ayarlar!$B$7+Ayarlar!$B$8)-(F11*Ayarlar!$B$3+Ayarlar!$B$4+Ayarlar!$B$5))/(E11*(1-Ayarlar!$B$6))) | K11: =IF(F11="","GRAM EKSİK",IF(E11>30000,"FİYAT ŞÜPHELİ",IF(J11<0,"ZARARDA",IF(E11<H11,"RİSKLİ","ok")))) | L11: https://www.etsy.com/listing/4546907749
A12: chains | B12: 14K Gold Necklace, Solid White Bead Ball Chain Design | C12: 4546907749 | D12: CWM43F-22 | E12: 2322 | G12: =IF(F12="","",F12*Ayarlar!$B$3+Ayarlar!$B$4+Ayarlar!$B$5) | H12: =IF(F12="","",ROUNDUP(((F12*Ayarlar!$B$3+Ayarlar!$B$4+Ayarlar!$B$5)+Ayarlar!$B$8)/((1-Ayarlar!$B$6)*(1-Ayarlar!$B$7)),0)) | I12: =IF(F12="","",ROUNDUP(((F12*Ayarlar!$B$3+Ayarlar!$B$4+Ayarlar!$B$5)+Ayarlar!$B$8)/((1-Ayarlar!$B$6)*(1-Ayarlar!$B$7-Ayarlar!$B$9)),0)) | J12: =IF(OR(F12="",E12=""),"",(E12*(1-Ayarlar!$B$6)-(E12*(1-Ayarlar!$B$6)*Ayarlar!$B$7+Ayarlar!$B$8)-(F12*Ayarlar!$B$3+Ayarlar!$B$4+Ayarlar!$B$5))/(E12*(1-Ayarlar!$B$6))) | K12: =IF(F12="","GRAM EKSİK",IF(E12>30000,"FİYAT ŞÜPHELİ",IF(J12<0,"ZARARDA",IF(E12<H12,"RİSKLİ","ok")))) | L12: https://www.etsy.com/listing/4546907749
A13: chains | B13: 14K Gold Necklace, Solid White Bead Ball Chain Design | C13: 4546907749 | D13: CWM43F-24 | E13: 2554.2 | G13: =IF(F13="","",F13*Ayarlar!$B$3+Ayarlar!$B$4+Ayarlar!$B$5) | H13: =IF(F13="","",ROUNDUP(((F13*Ayarlar!$B$3+Ayarlar!$B$4+Ayarlar!$B$5)+Ayarlar!$B$8)/((1-Ayarlar!$B$6)*(1-Ayarlar!$B$7)),0)) | I13: =IF(F13="","",ROUNDUP(((F13*Ayarlar!$B$3+Ayarlar!$B$4+Ayarlar!$B$5)+Ayarlar!$B$8)/((1-Ayarlar!$B$6)*(1-Ayarlar!$B$7-Ayarlar!$B$9)),0)) | J13: =IF(OR(F13="",E13=""),"",(E13*(1-Ayarlar!$B$6)-(E13*(1-Ayarlar!$B$6)*Ayarlar!$B$7+Ayarlar!$B$8)-(F13*Ayarlar!$B$3+Ayarlar!$B$4+Ayarlar!$B$5))/(E13*(1-Ayarlar!$B$6))) | K13: =IF(F13="","GRAM EKSİK",IF(E13>30000,"FİYAT ŞÜPHELİ",IF(J13<0,"ZARARDA",IF(E13<H13,"RİSKLİ","ok")))) | L13: https://www.etsy.com/listing/4546907749
... A122: protection | B122: 14K Gold Teddy Bear CZ Pendant Necklace, Miami Cuban Chain | C122: 1595078873 | D122: PBEAR-3 | E122: 1111.76 | G122: =IF(F122="","",F122*Ayarlar!$B$3+Ayarlar!$B$4+Ayarlar!$B$5) | H122: =IF(F122="","",ROUNDUP(((F122*Ayarlar!$B$3+Ayarlar!$B$4+Ayarlar!$B$5)+Ayarlar!$B$8)/((1-Ayarlar!$B$6)*(1-Ayarlar!$B$7)),0)) | I122: =IF(F122="","",ROUNDUP(((F122*Ayarlar!$B$3+Ayarlar!$B$4+Ayarlar!$B$5)+Ayarlar!$B$8)/((1-Ayarlar!$B$6)*(1-Ayarlar!$B$7-Ayarlar!$B$9)),0)) | J122: =IF(OR(F122="",E122=""),"",(E122*(1-Ayarlar!$B$6)-(E122*(1-Ayarlar!$B$6)*Ayarlar!$B$7+Ayarlar!$B$8)-(F122*Ayarlar!$B$3+Ayarlar!$B$4+Ayarlar!$B$5))/(E122*(1-Ayarlar!$B$6))) | K122: =IF(F122="","GRAM EKSİK",IF(E122>30000,"FİYAT ŞÜPHELİ",IF(J122<0,"ZARARDA",IF(E122<H122,"RİSKLİ","ok")))) | L122: https://www.etsy.com/listing/1595078873

Sheet Tüm Varyantlar
A1: Bölüm | B1: Listing | C1: Etsy ID | D1: SKU | E1: Gram Kaynağı | F1: Fiyat $ | G1: GRAM | H1: Maliyet $ | I1: Breakeven $ | J1: Hedef Fiyat $ | K1: Marj | L1: Durum | M1: Etsy Linki
A2: chains | B2: 10K Gold Rope Chain Necklace – Twisted Diamond Cut | C2: 1862428966 | D2: C1862428966 | E2: — | F2: 226.39 | H2: =IF(G2="","",G2*Ayarlar!$B$3+Ayarlar!$B$4+Ayarlar!$B$5) | I2: =IF(G2="","",ROUNDUP(((G2*Ayarlar!$B$3+Ayarlar!$B$4+Ayarlar!$B$5)+Ayarlar!$B$8)/((1-Ayarlar!$B$6)*(1-Ayarlar!$B$7)),0)) | J2: =IF(G2="","",ROUNDUP(((G2*Ayarlar!$B$3+Ayarlar!$B$4+Ayarlar!$B$5)+Ayarlar!$B$8)/((1-Ayarlar!$B$6)*(1-Ayarlar!$B$7-Ayarlar!$B$9)),0)) | K2: =IF(OR(G2="",F2=""),"",(F2*(1-Ayarlar!$B$6)-(F2*(1-Ayarlar!$B$6)*Ayarlar!$B$7+Ayarlar!$B$8)-(G2*Ayarlar!$B$3+Ayarlar!$B$4+Ayarlar!$B$5))/(F2*(1-Ayarlar!$B$6))) | L2: =IF(G2="","GRAM EKSİK",IF(F2>30000,"FİYAT ŞÜPHELİ",IF(K2<0,"ZARARDA",IF(F2<I2,"RİSKLİ","ok")))) | M2: https://www.etsy.com/listing/1862428966
A3: chains | B3: 10K Gold Rope Chain Necklace – Twisted Diamond Cut, Men or W | C3: 1849022518 | D3: CR0P10-20 | E3: description | F3: 3974 | G3: 31.89 | H3: =IF(G3="","",G3*Ayarlar!$B$3+Ayarlar!$B$4+Ayarlar!$B$5) | I3: =IF(G3="","",ROUNDUP(((G3*Ayarlar!$B$3+Ayarlar!$B$4+Ayarlar!$B$5)+Ayarlar!$B$8)/((1-Ayarlar!$B$6)*(1-Ayarlar!$B$7)),0)) | J3: =IF(G3="","",ROUNDUP(((G3*Ayarlar!$B$3+Ayarlar!$B$4+Ayarlar!$B$5)+Ayarlar!$B$8)/((1-Ayarlar!$B$6)*(1-Ayarlar!$B$7-Ayarlar!$B$9)),0)) | K3: =IF(OR(G3="",F3=""),"",(F3*(1-Ayarlar!$B$6)-(F3*(1-Ayarlar!$B$6)*Ayarlar!$B$7+Ayarlar!$B$8)-(G3*Ayarlar!$B$3+Ayarlar!$B$4+Ayarlar!$B$5))/(F3*(1-Ayarlar!$B$6))) | L3: =IF(G3="","GRAM EKSİK",IF(F3>30000,"FİYAT ŞÜPHELİ",IF(K3<0,"ZARARDA",IF(F3<I3,"RİSKLİ","ok")))) | M3: https://www.etsy.com/listing/1849022518
A4: chains | B4: 10K Gold Rope Chain Necklace – Twisted Diamond Cut, Men or W | C4: 1849022518 | D4: CR0P10-22 | E4: description | F4: 4248 | G4: 35.08 | H4: =IF(G4="","",G4*Ayarlar!$B$3+Ayarlar!$B$4+Ayarlar!$B$5) | I4: =IF(G4="","",ROUNDUP(((G4*Ayarlar!$B$3+Ayarlar!$B$4+Ayarlar!$B$5)+Ayarlar!$B$8)/((1-Ayarlar!$B$6)*(1-Ayarlar!$B$7)),0)) | J4: =IF(G4="","",ROUNDUP(((G4*Ayarlar!$B$3+Ayarlar!$B$4+Ayarlar!$B$5)+Ayarlar!$B$8)/((1-Ayarlar!$B$6)*(1-Ayarlar!$B$7-Ayarlar!$B$9)),0)) | K4: =IF(OR(G4="",F4=""),"",(F4*(1-Ayarlar!$B$6)-(F4*(1-Ayarlar!$B$6)*Ayarlar!$B$7+Ayarlar!$B$8)-(G4*Ayarlar!$B$3+Ayarlar!$B$4+Ayarlar!$B$5))/(F4*(1-Ayarlar!$B$6))) | L4: =IF(G4="","GRAM EKSİK",IF(F4>30000,"FİYAT ŞÜPHELİ",IF(K4<0,"ZARARDA",IF(F4<I4,"RİSKLİ","ok")))) | M4: https://www.etsy.com/listing/1849022518
A5: chains | B5: 10K Gold Rope Chain Necklace – Twisted Diamond Cut, Men or W | C5: 1849022518 | D5: CR0P10-24 | E5: description | F5: 4524 | G5: 38.27 | H5: =IF(G5="","",G5*Ayarlar!$B$3+Ayarlar!$B$4+Ayarlar!$B$5) | I5: =IF(G5="","",ROUNDUP(((G5*Ayarlar!$B$3+Ayarlar!$B$4+Ayarlar!$B$5)+Ayarlar!$B$8)/((1-Ayarlar!$B$6)*(1-Ayarlar!$B$7)),0)) | J5: =IF(G5="","",ROUNDUP(((G5*Ayarlar!$B$3+Ayarlar!$B$4+Ayarlar!$B$5)+Ayarlar!$B$8)/((1-Ayarlar!$B$6)*(1-Ayarlar!$B$7-Ayarlar!$B$9)),0)) | K5: =IF(OR(G5="",F5=""),"",(F5*(1-Ayarlar!$B$6)-(F5*(1-Ayarlar!$B$6)*Ayarlar!$B$7+Ayarlar!$B$8)-(G5*Ayarlar!$B$3+Ayarlar!$B$4+Ayarlar!$B$5))/(F5*(1-Ayarlar!$B$6))) | L5: =IF(G5="","GRAM EKSİK",IF(F5>30000,"FİYAT ŞÜPHELİ",IF(K5<0,"ZARARDA",IF(F5<I5,"RİSKLİ","ok")))) | M5: https://www.etsy.com/listing/1849022518
A6: chains | B6: 10K Gold Rope Chain Necklace – Twisted Diamond Cut, Men or W | C6: 1849022518 | D6: CR0P10-26 | E6: description | F6: 4800 | G6: 41.46 | H6: =IF(G6="","",G6*Ayarlar!$B$3+Ayarlar!$B$4+Ayarlar!$B$5) | I6: =IF(G6="","",ROUNDUP(((G6*Ayarlar!$B$3+Ayarlar!$B$4+Ayarlar!$B$5)+Ayarlar!$B$8)/((1-Ayarlar!$B$6)*(1-Ayarlar!$B$7)),0)) | J6: =IF(G6="","",ROUNDUP(((G6*Ayarlar!$B$3+Ayarlar!$B$4+Ayarlar!$B$5)+Ayarlar!$B$8)/((1-Ayarlar!$B$6)*(1-Ayarlar!$B$7-Ayarlar!$B$9)),0)) | K6: =IF(OR(G6="",F6=""),"",(F6*(1-Ayarlar!$B$6)-(F6*(1-Ayarlar!$B$6)*Ayarlar!$B$7+Ayarlar!$B$8)-(G6*Ayarlar!$B$3+Ayarlar!$B$4+Ayarlar!$B$5))/(F6*(1-Ayarlar!$B$6))) | L6: =IF(G6="","GRAM EKSİK",IF(F6>30000,"FİYAT ŞÜPHELİ",IF(K6<0,"ZARARDA",IF(F6<I6,"RİSKLİ","ok")))) | M6: https://www.etsy.com/listing/1849022518
A7: chains | B7: 10K Gold Rope Chain Necklace – Twisted Diamond Cut, Men or W | C7: 1849022518 | D7: CR0P10-28 | E7: description | F7: 5075 | G7: 44.65 | H7: =IF(G7="","",G7*Ayarlar!$B$3+Ayarlar!$B$4+Ayarlar!$B$5) | I7: =IF(G7="","",ROUNDUP(((G7*Ayarlar!$B$3+Ayarlar!$B$4+Ayarlar!$B$5)+Ayarlar!$B$8)/((1-Ayarlar!$B$6)*(1-Ayarlar!$B$7)),0)) | J7: =IF(G7="","",ROUNDUP(((G7*Ayarlar!$B$3+Ayarlar!$B$4+Ayarlar!$B$5)+Ayarlar!$B$8)/((1-Ayarlar!$B$6)*(1-Ayarlar!$B$7-Ayarlar!$B$9)),0)) | K7: =IF(OR(G7="",F7=""),"",(F7*(1-Ayarlar!$B$6)-(F7*(1-Ayarlar!$B$6)*Ayarlar!$B$7+Ayarlar!$B$8)-(G7*Ayarlar!$B$3+Ayarlar!$B$4+Ayarlar!$B$5))/(F7*(1-Ayarlar!$B$6))) | L7: =IF(G7="","GRAM EKSİK",IF(F7>30000,"FİYAT ŞÜPHELİ",IF(K7<0,"ZARARDA",IF(F7<I7,"RİSKLİ","ok")))) | M7: https://www.etsy.com/listing/1849022518
A8: chains | B8: 10K Gold Rope Chain Necklace – Twisted Diamond Cut, Men or W | C8: 1849022518 | D8: CR0P6-20 | E8: description | F8: 1575 | G8: 14.78 | H8: =IF(G8="","",G8*Ayarlar!$B$3+Ayarlar!$B$4+Ayarlar!$B$5) | I8: =IF(G8="","",ROUNDUP(((G8*Ayarlar!$B$3+Ayarlar!$B$4+Ayarlar!$B$5)+Ayarlar!$B$8)/((1-Ayarlar!$B$6)*(1-Ayarlar!$B$7)),0)) | J8: =IF(G8="","",ROUNDUP(((G8*Ayarlar!$B$3+Ayarlar!$B$4+Ayarlar!$B$5)+Ayarlar!$B$8)/((1-Ayarlar!$B$6)*(1-Ayarlar!$B$7-Ayarlar!$B$9)),0)) | K8: =IF(OR(G8="",F8=""),"",(F8*(1-Ayarlar!$B$6)-(F8*(1-Ayarlar!$B$6)*Ayarlar!$B$7+Ayarlar!$B$8)-(G8*Ayarlar!$B$3+Ayarlar!$B$4+Ayarlar!$B$5))/(F8*(1-Ayarlar!$B$6))) | L8: =IF(G8="","GRAM EKSİK",IF(F8>30000,"FİYAT ŞÜPHELİ",IF(K8<0,"ZARARDA",IF(F8<I8,"RİSKLİ","ok")))) | M8: https://www.etsy.com/listing/1849022518
A9: chains | B9: 10K Gold Rope Chain Necklace – Twisted Diamond Cut, Men or W | C9: 1849022518 | D9: CR0P6-22 | E9: description | F9: 1755 | G9: 16.26 | H9: =IF(G9="","",G9*Ayarlar!$B$3+Ayarlar!$B$4+Ayarlar!$B$5) | I9: =IF(G9="","",ROUNDUP(((G9*Ayarlar!$B$3+Ayarlar!$B$4+Ayarlar!$B$5)+Ayarlar!$B$8)/((1-Ayarlar!$B$6)*(1-Ayarlar!$B$7)),0)) | J9: =IF(G9="","",ROUNDUP(((G9*Ayarlar!$B$3+Ayarlar!$B$4+Ayarlar!$B$5)+Ayarlar!$B$8)/((1-Ayarlar!$B$6)*(1-Ayarlar!$B$7-Ayarlar!$B$9)),0)) | K9: =IF(OR(G9="",F9=""),"",(F9*(1-Ayarlar!$B$6)-(F9*(1-Ayarlar!$B$6)*Ayarlar!$B$7+Ayarlar!$B$8)-(G9*Ayarlar!$B$3+Ayarlar!$B$4+Ayarlar!$B$5))/(F9*(1-Ayarlar!$B$6))) | L9: =IF(G9="","GRAM EKSİK",IF(F9>30000,"FİYAT ŞÜPHELİ",IF(K9<0,"ZARARDA",IF(F9<I9,"RİSKLİ","ok")))) | M9: https://www.etsy.com/listing/1849022518
A10: chains | B10: 10K Gold Rope Chain Necklace – Twisted Diamond Cut, Men or W | C10: 1849022518 | D10: CR0P6-24 | E10: description | F10: 1878 | G10: 17.74 | H10: =IF(G10="","",G10*Ayarlar!$B$3+Ayarlar!$B$4+Ayarlar!$B$5) | I10: =IF(G10="","",ROUNDUP(((G10*Ayarlar!$B$3+Ayarlar!$B$4+Ayarlar!$B$5)+Ayarlar!$B$8)/((1-Ayarlar!$B$6)*(1-Ayarlar!$B$7)),0)) | J10: =IF(G10="","",ROUNDUP(((G10*Ayarlar!$B$3+Ayarlar!$B$4+Ayarlar!$B$5)+Ayarlar!$B$8)/((1-Ayarlar!$B$6)*(1-Ayarlar!$B$7-Ayarlar!$B$9)),0)) | K10: =IF(OR(G10="",F10=""),"",(F10*(1-Ayarlar!$B$6)-(F10*(1-Ayarlar!$B$6)*Ayarlar!$B$7+Ayarlar!$B$8)-(G10*Ayarlar!$B$3+Ayarlar!$B$4+Ayarlar!$B$5))/(F10*(1-Ayarlar!$B$6))) | L10: =IF(G10="","GRAM EKSİK",IF(F10>30000,"FİYAT ŞÜPHELİ",IF(K10<0,"ZARARDA",IF(F10<I10,"RİSKLİ","ok")))) | M10: https://www.etsy.com/listing/1849022518
A11: chains | B11: 10K Gold Rope Chain Necklace – Twisted Diamond Cut, Men or W | C11: 1849022518 | D11: CR0P6-26 | E11: description | F11: 2002 | G11: 19.22 | H11: =IF(G11="","",G11*Ayarlar!$B$3+Ayarlar!$B$4+Ayarlar!$B$5) | I11: =IF(G11="","",ROUNDUP(((G11*Ayarlar!$B$3+Ayarlar!$B$4+Ayarlar!$B$5)+Ayarlar!$B$8)/((1-Ayarlar!$B$6)*(1-Ayarlar!$B$7)),0)) | J11: =IF(G11="","",ROUNDUP(((G11*Ayarlar!$B$3+Ayarlar!$B$4+Ayarlar!$B$5)+Ayarlar!$B$8)/((1-Ayarlar!$B$6)*(1-Ayarlar!$B$7-Ayarlar!$B$9)),0)) | K11: =IF(OR(G11="",F11=""),"",(F11*(1-Ayarlar!$B$6)-(F11*(1-Ayarlar!$B$6)*Ayarlar!$B$7+Ayarlar!$B$8)-(G11*Ayarlar!$B$3+Ayarlar!$B$4+Ayarlar!$B$5))/(F11*(1-Ayarlar!$B$6))) | L11: =IF(G11="","GRAM EKSİK",IF(F11>30000,"FİYAT ŞÜPHELİ",IF(K11<0,"ZARARDA",IF(F11<I11,"RİSKLİ","ok")))) | M11: https://www.etsy.com/listing/1849022518
A12: chains | B12: 10K Gold Rope Chain Necklace – Twisted Diamond Cut, Men or W | C12: 1849022518 | D12: CR0P6-28 | E12: description | F12: 2124 | G12: 20.69 | H12: =IF(G12="","",G12*Ayarlar!$B$3+Ayarlar!$B$4+Ayarlar!$B$5) | I12: =IF(G12="","",ROUNDUP(((G12*Ayarlar!$B$3+Ayarlar!$B$4+Ayarlar!$B$5)+Ayarlar!$B$8)/((1-Ayarlar!$B$6)*(1-Ayarlar!$B$7)),0)) | J12: =IF(G12="","",ROUNDUP(((G12*Ayarlar!$B$3+Ayarlar!$B$4+Ayarlar!$B$5)+Ayarlar!$B$8)/((1-Ayarlar!$B$6)*(1-Ayarlar!$B$7-Ayarlar!$B$9)),0)) | K12: =IF(OR(G12="",F12=""),"",(F12*(1-Ayarlar!$B$6)-(F12*(1-Ayarlar!$B$6)*Ayarlar!$B$7+Ayarlar!$B$8)-(G12*Ayarlar!$B$3+Ayarlar!$B$4+Ayarlar!$B$5))/(F12*(1-Ayarlar!$B$6))) | L12: =IF(G12="","GRAM EKSİK",IF(F12>30000,"FİYAT ŞÜPHELİ",IF(K12<0,"ZARARDA",IF(F12<I12,"RİSKLİ","ok")))) | M12: https://www.etsy.com/listing/1849022518
A13: chains | B13: 10K Gold Rope Chain Necklace – Twisted Diamond Cut, Men or W | C13: 1849022518 | D13: CR0P7-20 | E13: description | F13: 2231 | G13: 18.88 | H13: =IF(G13="","",G13*Ayarlar!$B$3+Ayarlar!$B$4+Ayarlar!$B$5) | I13: =IF(G13="","",ROUNDUP(((G13*Ayarlar!$B$3+Ayarlar!$B$4+Ayarlar!$B$5)+Ayarlar!$B$8)/((1-Ayarlar!$B$6)*(1-Ayarlar!$B$7)),0)) | J13: =IF(G13="","",ROUNDUP(((G13*Ayarlar!$B$3+Ayarlar!$B$4+Ayarlar!$B$5)+Ayarlar!$B$8)/((1-Ayarlar!$B$6)*(1-Ayarlar!$B$7-Ayarlar!$B$9)),0)) | K13: =IF(OR(G13="",F13=""),"",(F13*(1-Ayarlar!$B$6)-(F13*(1-Ayarlar!$B$6)*Ayarlar!$B$7+Ayarlar!$B$8)-(G13*Ayarlar!$B$3+Ayarlar!$B$4+Ayarlar!$B$5))/(F13*(1-Ayarlar!$B$6))) | L13: =IF(G13="","GRAM EKSİK",IF(F13>30000,"FİYAT ŞÜPHELİ",IF(K13<0,"ZARARDA",IF(F13<I13,"RİSKLİ","ok")))) | M13: https://www.etsy.com/listing/1849022518
A14: chains | B14: 10K Gold Rope Chain Necklace – Twisted Diamond Cut, Men or W | C14: 1849022518 | D14: CR0P7-22 | E14: description | F14: 2414 | G14: 20.77 | H14: =IF(G14="","",G14*Ayarlar!$B$3+Ayarlar!$B$4+Ayarlar!$B$5) | I14: =IF(G14="","",ROUNDUP(((G14*Ayarlar!$B$3+Ayarlar!$B$4+Ayarlar!$B$5)+Ayarlar!$B$8)/((1-Ayarlar!$B$6)*(1-Ayarlar!$B$7)),0)) | J14: =IF(G14="","",ROUNDUP(((G14*Ayarlar!$B$3+Ayarlar!$B$4+Ayarlar!$B$5)+Ayarlar!$B$8)/((1-Ayarlar!$B$6)*(1-Ayarlar!$B$7-Ayarlar!$B$9)),0)) | K14: =IF(OR(G14="",F14=""),"",(F14*(1-Ayarlar!$B$6)-(F14*(1-Ayarlar!$B$6)*Ayarlar!$B$7+Ayarlar!$B$8)-(G14*Ayarlar!$B$3+Ayarlar!$B$4+Ayarlar!$B$5))/(F14*(1-Ayarlar!$B$6))) | L14: =IF(G14="","GRAM EKSİK",IF(F14>30000,"FİYAT ŞÜPHELİ",IF(K14<0,"ZARARDA",IF(F14<I14,"RİSKLİ","ok")))) | M14: https://www.etsy.com/listing/1849022518
... A71: chains | B71: 10K Solid Gold Bead Ball Chain Necklace - Diamond Cut | C71: 1296858064 | D71: CMN4-24 | E71: description-scaled | F71: 4331 | G71: 33.93 | H71: =IF(G71="","",G71*Ayarlar!$B$3+Ayarlar!$B$4+Ayarlar!$B$5) | I71: =IF(G71="","",ROUNDUP(((G71*Ayarlar!$B$3+Ayarlar!$B$4+Ayarlar!$B$5)+Ayarlar!$B$8)/((1-Ayarlar!$B$6)*(1-Ayarlar!$B$7)),0)) | J71: =IF(G71="","",ROUNDUP(((G71*Ayarlar!$B$3+Ayarlar!$B$4+Ayarlar!$B$5)+Ayarlar!$B$8)/((1-Ayarlar!$B$6)*(1-Ayarlar!$B$7-Ayarlar!$B$9)),0)) | K71: =IF(OR(G71="",F71=""),"",(F71*(1-Ayarlar!$B$6)-(F71*(1-Ayarlar!$B$6)*Ayarlar!$B$7+Ayarlar!$B$8)-(G71*Ayarlar!$B$3+Ayarlar!$B$4+Ayarlar!$B$5))/(F71*(1-Ayarlar!$B$6))) | L71: =IF(G71="","GRAM EKSİK",IF(F71>30000,"FİYAT ŞÜPHELİ",IF(K71<0,"ZARARDA",IF(F71<I71,"RİSKLİ","ok")))) | M71: https://www.etsy.com/listing/1296858064
A72: chains | B72: 10K Solid Gold Herringbone Necklace, High Polish Snake Chain | C72: 1294201622 | D72: R1294201622 | E72: — | F72: 86.27 | H72: =IF(G72="","",G72*Ayarlar!$B$3+Ayarlar!$B$4+Ayarlar!$B$5) | I72: =IF(G72="","",ROUNDUP(((G72*Ayarlar!$B$3+Ayarlar!$B$4+Ayarlar!$B$5)+Ayarlar!$B$8)/((1-Ayarlar!$B$6)*(1-Ayarlar!$B$7)),0)) | J72: =IF(G72="","",ROUNDUP(((G72*Ayarlar!$B$3+Ayarlar!$B$4+Ayarlar!$B$5)+Ayarlar!$B$8)/((1-Ayarlar!$B$6)*(1-Ayarlar!$B$7-Ayarlar!$B$9)),0)) | K72: =IF(OR(G72="",F72=""),"",(F72*(1-Ayarlar!$B$6)-(F72*(1-Ayarlar!$B$6)*Ayarlar!$B$7+Ayarlar!$B$8)-(G72*Ayarlar!$B$3+Ayarlar!$B$4+Ayarlar!$B$5))/(F72*(1-Ayarlar!$B$6))) | L72: =IF(G72="","GRAM EKSİK",IF(F72>30000,"FİYAT ŞÜPHELİ",IF(K72<0,"ZARARDA",IF(F72<I72,"RİSKLİ","ok")))) | M72: https://www.etsy.com/listing/1294201622
A73: chains | B73: 10K White Gold Rope Bracelet – Unisex Solid Chain | C73: 4375720322 | D73: BWR2-7 | E73: description | F73: 421 | G73: 3.27 | H73: =IF(G73="","",G73*Ayarlar!$B$3+Ayarlar!$B$4+Ayarlar!$B$5) | I73: =IF(G73="","",ROUNDUP(((G73*Ayarlar!$B$3+Ayarlar!$B$4+Ayarlar!$B$5)+Ayarlar!$B$8)/((1-Ayarlar!$B$6)*(1-Ayarlar!$B$7)),0)) | J73: =IF(G73="","",ROUNDUP(((G73*Ayarlar!$B$3+Ayarlar!$B$4+Ayarlar!$B$5)+Ayarlar!$B$8)/((1-Ayarlar!$B$6)*(1-Ayarlar!$B$7-Ayarlar!$B$9)),0)) | K73: =IF(OR(G73="",F73=""),"",(F73*(1-Ayarlar!$B$6)-(F73*(1-Ayarlar!$B$6)*Ayarlar!$B$7+Ayarlar!$B$8)-(G73*Ayarlar!$B$3+Ayarlar!$B$4+Ayarlar!$B$5))/(F73*(1-Ayarlar!$B$6))) | L73: =IF(G73="","GRAM EKSİK",IF(F73>30000,"FİYAT ŞÜPHELİ",IF(K73<0,"ZARARDA",IF(F73<I73,"RİSKLİ","ok")))) | M73: https://www.etsy.com/listing/4375720322
A74: chains | B74: 10K White Gold Rope Bracelet – Unisex Solid Chain | C74: 4375720322 | D74: BWR2-7.5 | E74: description | F74: 451 | G74: 3.5 | H74: =IF(G74="","",G74*Ayarlar!$B$3+Ayarlar!$B$4+Ayarlar!$B$5) | I74: =IF(G74="","",ROUNDUP(((G74*Ayarlar!$B$3+Ayarlar!$B$4+Ayarlar!$B$5)+Ayarlar!$B$8)/((1-Ayarlar!$B$6)*(1-Ayarlar!$B$7)),0)) | J74: =IF(G74="","",ROUNDUP(((G74*Ayarlar!$B$3+Ayarlar!$B$4+Ayarlar!$B$5)+Ayarlar!$B$8)/((1-Ayarlar!$B$6)*(1-Ayarlar!$B$7-Ayarlar!$B$9)),0)) | K74: =IF(OR(G74="",F74=""),"",(F74*(1-Ayarlar!$B$6)-(F74*(1-Ayarlar!$B$6)*Ayarlar!$B$7+Ayarlar!$B$8)-(G74*Ayarlar!$B$3+Ayarlar!$B$4+Ayarlar!$B$5))/(F74*(1-Ayarlar!$B$6))) | L74: =IF(G74="","GRAM EKSİK",IF(F74>30000,"FİYAT ŞÜPHELİ",IF(K74<0,"ZARARDA",IF(F74<I74,"RİSKLİ","ok")))) | M74: https://www.etsy.com/listing/4375720322
A75: chains | B75: 10K White Gold Rope Bracelet – Unisex Solid Chain | C75: 4375720322 | D75: BWR2-8 | E75: description | F75: 481 | G75: 3.73 | H75: =IF(G75="","",G75*Ayarlar!$B$3+Ayarlar!$B$4+Ayarlar!$B$5) | I75: =IF(G75="","",ROUNDUP(((G75*Ayarlar!$B$3+Ayarlar!$B$4+Ayarlar!$B$5)+Ayarlar!$B$8)/((1-Ayarlar!$B$6)*(1-Ayarlar!$B$7)),0)) | J75: =IF(G75="","",ROUNDUP(((G75*Ayarlar!$B$3+Ayarlar!$B$4+Ayarlar!$B$5)+Ayarlar!$B$8)/((1-Ayarlar!$B$6)*(1-Ayarlar!$B$7-Ayarlar!$B$9)),0)) | K75: =IF(OR(G75="",F75=""),"",(F75*(1-Ayarlar!$B$6)-(F75*(1-Ayarlar!$B$6)*Ayarlar!$B$7+Ayarlar!$B$8)-(G75*Ayarlar!$B$3+Ayarlar!$B$4+Ayarlar!$B$5))/(F75*(1-Ayarlar!$B$6))) | L75: =IF(G75="","GRAM EKSİK",IF(F75>30000,"FİYAT ŞÜPHELİ",IF(K75<0,"ZARARDA",IF(F75<I75,"RİSKLİ","ok")))) | M75: https://www.etsy.com/listing/4375720322
A76: chains | B76: 10K White Gold Rope Bracelet – Unisex Solid Chain | C76: 4375720322 | D76: BWR2-8.5 | E76: description | F76: 511 | G76: 3.97 | H76: =IF(G76="","",G76*Ayarlar!$B$3+Ayarlar!$B$4+Ayarlar!$B$5) | I76: =IF(G76="","",ROUNDUP(((G76*Ayarlar!$B$3+Ayarlar!$B$4+Ayarlar!$B$5)+Ayarlar!$B$8)/((1-Ayarlar!$B$6)*(1-Ayarlar!$B$7)),0)) | J76: =IF(G76="","",ROUNDUP(((G76*Ayarlar!$B$3+Ayarlar!$B$4+Ayarlar!$B$5)+Ayarlar!$B$8)/((1-Ayarlar!$B$6)*(1-Ayarlar!$B$7-Ayarlar!$B$9)),0)) | K76: =IF(OR(G76="",F76=""),"",(F76*(1-Ayarlar!$B$6)-(F76*(1-Ayarlar!$B$6)*Ayarlar!$B$7+Ayarlar!$B$8)-(G76*Ayarlar!$B$3+Ayarlar!$B$4+Ayarlar!$B$5))/(F76*(1-Ayarlar!$B$6))) | L76: =IF(G76="","GRAM EKSİK",IF(F76>30000,"FİYAT ŞÜPHELİ",IF(K76<0,"ZARARDA",IF(F76<I76,"RİSKLİ","ok")))) | M76: https://www.etsy.com/listing/4375720322
A77: chains | B77: 10K White Gold Rope Bracelet – Unisex Solid Chain | C77: 4375720322 | D77: BWR3-7 | E77: description | F77: 655 | G77: 4.9 | H77: =IF(G77="","",G77*Ayarlar!$B$3+Ayarlar!$B$4+Ayarlar!$B$5) | I77: =IF(G77="","",ROUNDUP(((G77*Ayarlar!$B$3+Ayarlar!$B$4+Ayarlar!$B$5)+Ayarlar!$B$8)/((1-Ayarlar!$B$6)*(1-Ayarlar!$B$7)),0)) | J77: =IF(G77="","",ROUNDUP(((G77*Ayarlar!$B$3+Ayarlar!$B$4+Ayarlar!$B$5)+Ayarlar!$B$8)/((1-Ayarlar!$B$6)*(1-Ayarlar!$B$7-Ayarlar!$B$9)),0)) | K77: =IF(OR(G77="",F77=""),"",(F77*(1-Ayarlar!$B$6)-(F77*(1-Ayarlar!$B$6)*Ayarlar!$B$7+Ayarlar!$B$8)-(G77*Ayarlar!$B$3+Ayarlar!$B$4+Ayarlar!$B$5))/(F77*(1-Ayarlar!$B$6))) | L77: =IF(G77="","GRAM EKSİK",IF(F77>30000,"FİYAT ŞÜPHELİ",IF(K77<0,"ZARARDA",IF(F77<I77,"RİSKLİ","ok")))) | M77: https://www.etsy.com/listing/4375720322
A78: chains | B78: 10K White Gold Rope Bracelet – Unisex Solid Chain | C78: 4375720322 | D78: BWR3-7.5 | E78: description | F78: 696 | G78: 5.25 | H78: =IF(G78="","",G78*Ayarlar!$B$3+Ayarlar!$B$4+Ayarlar!$B$5) | I78: =IF(G78="","",ROUNDUP(((G78*Ayarlar!$B$3+Ayarlar!$B$4+Ayarlar!$B$5)+Ayarlar!$B$8)/((1-Ayarlar!$B$6)*(1-Ayarlar!$B$7)),0)) | J78: =IF(G78="","",ROUNDUP(((G78*Ayarlar!$B$3+Ayarlar!$B$4+Ayarlar!$B$5)+Ayarlar!$B$8)/((1-Ayarlar!$B$6)*(1-Ayarlar!$B$7-Ayarlar!$B$9)),0)) | K78: =IF(OR(G78="",F78=""),"",(F78*(1-Ayarlar!$B$6)-(F78*(1-Ayarlar!$B$6)*Ayarlar!$B$7+Ayarlar!$B$8)-(G78*Ayarlar!$B$3+Ayarlar!$B$4+Ayarlar!$B$5))/(F78*(1-Ayarlar!$B$6))) | L78: =IF(G78="","GRAM EKSİK",IF(F78>30000,"FİYAT ŞÜPHELİ",IF(K78<0,"ZARARDA",IF(F78<I78,"RİSKLİ","ok")))) | M78: https://www.etsy.com/listing/4375720322
A79: chains | B79: 10K White Gold Rope Bracelet – Unisex Solid Chain | C79: 4375720322 | D79: BWR3-8 | E79: description | F79: 746 | G79: 5.6 | H79: =IF(G79="","",G79*Ayarlar!$B$3+Ayarlar!$B$4+Ayarlar!$B$5) | I79: =IF(G79="","",ROUNDUP(((G79*Ayarlar!$B$3+Ayarlar!$B$4+Ayarlar!$B$5)+Ayarlar!$B$8)/((1-Ayarlar!$B$6)*(1-Ayarlar!$B$7)),0)) | J79: =IF(G79="","",ROUNDUP(((G79*Ayarlar!$B$3+Ayarlar!$B$4+Ayarlar!$B$5)+Ayarlar!$B$8)/((1-Ayarlar!$B$6)*(1-Ayarlar!$B$7-Ayarlar!$B$9)),0)) | K79: =IF(OR(G79="",F79=""),"",(F79*(1-Ayarlar!$B$6)-(F79*(1-Ayarlar!$B$6)*Ayarlar!$B$7+Ayarlar!$B$8)-(G79*Ayarlar!$B$3+Ayarlar!$B$4+Ayarlar!$B$5))/(F79*(1-Ayarlar!$B$6))) | L79: =IF(G79="","GRAM EKSİK",IF(F79>30000,"FİYAT ŞÜPHELİ",IF(K79<0,"ZARARDA",IF(F79<I79,"RİSKLİ","ok")))) | M79: https://www.etsy.com/listing/4375720322
A80: chains | B80: 10K White Gold Rope Bracelet – Unisex Solid Chain | C80: 4375720322 | D80: BWR3-8.5 | E80: description | F80: 793 | G80: 5.95 | H80: =IF(G80="","",G80*Ayarlar!$B$3+Ayarlar!$B$4+Ayarlar!$B$5) | I80: =IF(G80="","",ROUNDUP(((G80*Ayarlar!$B$3+Ayarlar!$B$4+Ayarlar!$B$5)+Ayarlar!$B$8)/((1-Ayarlar!$B$6)*(1-Ayarlar!$B$7)),0)) | J80: =IF(G80="","",ROUNDUP(((G80*Ayarlar!$B$3+Ayarlar!$B$4+Ayarlar!$B$5)+Ayarlar!$B$8)/((1-Ayarlar!$B$6)*(1-Ayarlar!$B$7-Ayarlar!$B$9)),0)) | K80: =IF(OR(G80="",F80=""),"",(F80*(1-Ayarlar!$B$6)-(F80*(1-Ayarlar!$B$6)*Ayarlar!$B$7+Ayarlar!$B$8)-(G80*Ayarlar!$B$3+Ayarlar!$B$4+Ayarlar!$B$5))/(F80*(1-Ayarlar!$B$6))) | L80: =IF(G80="","GRAM EKSİK",IF(F80>30000,"FİYAT ŞÜPHELİ",IF(K80<0,"ZARARDA",IF(F80<I80,"RİSKLİ","ok")))) | M80: https://www.etsy.com/listing/4375720322
A81: chains | B81: 10K White Gold Rope Bracelet – Unisex Solid Chain | C81: 4375720322 | D81: BWR32-7 | E81: description | F81: 828 | G81: 6.21 | H81: =IF(G81="","",G81*Ayarlar!$B$3+Ayarlar!$B$4+Ayarlar!$B$5) | I81: =IF(G81="","",ROUNDUP(((G81*Ayarlar!$B$3+Ayarlar!$B$4+Ayarlar!$B$5)+Ayarlar!$B$8)/((1-Ayarlar!$B$6)*(1-Ayarlar!$B$7)),0)) | J81: =IF(G81="","",ROUNDUP(((G81*Ayarlar!$B$3+Ayarlar!$B$4+Ayarlar!$B$5)+Ayarlar!$B$8)/((1-Ayarlar!$B$6)*(1-Ayarlar!$B$7-Ayarlar!$B$9)),0)) | K81: =IF(OR(G81="",F81=""),"",(F81*(1-Ayarlar!$B$6)-(F81*(1-Ayarlar!$B$6)*Ayarlar!$B$7+Ayarlar!$B$8)-(G81*Ayarlar!$B$3+Ayarlar!$B$4+Ayarlar!$B$5))/(F81*(1-Ayarlar!$B$6))) | L81: =IF(G81="","GRAM EKSİK",IF(F81>30000,"FİYAT ŞÜPHELİ",IF(K81<0,"ZARARDA",IF(F81<I81,"RİSKLİ","ok")))) | M81: https://www.etsy.com/listing/4375720322
A82: chains | B82: 10K White Gold Rope Bracelet – Unisex Solid Chain | C82: 4375720322 | D82: BWR32-7.5 | E82: description | F82: 888 | G82: 6.66 | H82: =IF(G82="","",G82*Ayarlar!$B$3+Ayarlar!$B$4+Ayarlar!$B$5) | I82: =IF(G82="","",ROUNDUP(((G82*Ayarlar!$B$3+Ayarlar!$B$4+Ayarlar!$B$5)+Ayarlar!$B$8)/((1-Ayarlar!$B$6)*(1-Ayarlar!$B$7)),0)) | J82: =IF(G82="","",ROUNDUP(((G82*Ayarlar!$B$3+Ayarlar!$B$4+Ayarlar!$B$5)+Ayarlar!$B$8)/((1-Ayarlar!$B$6)*(1-Ayarlar!$B$7-Ayarlar!$B$9)),0)) | K82: =IF(OR(G82="",F82=""),"",(F82*(1-Ayarlar!$B$6)-(F82*(1-Ayarlar!$B$6)*Ayarlar!$B$7+Ayarlar!$B$8)-(G82*Ayarlar!$B$3+Ayarlar!$B$4+Ayarlar!$B$5))/(F82*(1-Ayarlar!$B$6))) | L82: =IF(G82="","GRAM EKSİK",IF(F82>30000,"FİYAT ŞÜPHELİ",IF(K82<0,"ZARARDA",IF(F82<I82,"RİSKLİ","ok")))) | M82: https://www.etsy.com/listing/4375720322
A83: chains | B83: 10K White Gold Rope Bracelet – Unisex Solid Chain | C83: 4375720322 | D83: BWR32-8 | E83: description | F83: 949 | G83: 7.1 | H83: =IF(G83="","",G83*Ayarlar!$B$3+Ayarlar!$B$4+Ayarlar!$B$5) | I83: =IF(G83="","",ROUNDUP(((G83*Ayarlar!$B$3+Ayarlar!$B$4+Ayarlar!$B$5)+Ayarlar!$B$8)/((1-Ayarlar!$B$6)*(1-Ayarlar!$B$7)),0)) | J83: =IF(G83="","",ROUNDUP(((G83*Ayarlar!$B$3+Ayarlar!$B$4+Ayarlar!$B$5)+Ayarlar!$B$8)/((1-Ayarlar!$B$6)*(1-Ayarlar!$B$7-Ayarlar!$B$9)),0)) | K83: =IF(OR(G83="",F83=""),"",(F83*(1-Ayarlar!$B$6)-(F83*(1-Ayarlar!$B$6)*Ayarlar!$B$7+Ayarlar!$B$8)-(G83*Ayarlar!$B$3+Ayarlar!$B$4+Ayarlar!$B$5))/(F83*(1-Ayarlar!$B$6))) | L83: =IF(G83="","GRAM EKSİK",IF(F83>30000,"FİYAT ŞÜPHELİ",IF(K83<0,"ZARARDA",IF(F83<I83,"RİSKLİ","ok")))) | M83: https://www.etsy.com/listing/4375720322
A84: chains | B84: 10K White Gold Rope Bracelet – Unisex Solid Chain | C84: 4375720322 | D84: BWR32-8.5 | E84: description | F84: 1009 | G84: 7.54 | H84: =IF(G84="","",G84*Ayarlar!$B$3+Ayarlar!$B$4+Ayarlar!$B$5) | I84: =IF(G84="","",ROUNDUP(((G84*Ayarlar!$B$3+Ayarlar!$B$4+Ayarlar!$B$5)+Ayarlar!$B$8)/((1-Ayarlar!$B$6)*(1-Ayarlar!$B$7)),0)) | J84: =IF(G84="","",ROUNDUP(((G84*Ayarlar!$B$3+Ayarlar!$B$4+Ayarlar!$B$5)+Ayarlar!$B$8)/((1-Ayarlar!$B$6)*(1-Ayarlar!$B$7-Ayarlar!$B$9)),0)) | K84: =IF(OR(G84="",F84=""),"",(F84*(1-Ayarlar!$B$6)-(F84*(1-Ayarlar!$B$6)*Ayarlar!$B$7+Ayarlar!$B$8)-(G84*Ayarlar!$B$3+Ayarlar!$B$4+Ayarlar!$B$5))/(F84*(1-Ayarlar!$B$6))) | L84: =IF(G84="","GRAM EKSİK",IF(F84>30000,"FİYAT ŞÜPHELİ",IF(K84<0,"ZARARDA",IF(F84<I84,"RİSKLİ","ok")))) | M84: https://www.etsy.com/listing/4375720322
... A145: chains | B145: 14K Gold Bracelet, Round Box Chain Design in Yellow | C145: 1863553142 | D145: BWRD5-8 | E145: manual | F145: 1118 | G145: 6.9 | H145: =IF(G145="","",G145*Ayarlar!$B$3+Ayarlar!$B$4+Ayarlar!$B$5) | I145: =IF(G145="","",ROUNDUP(((G145*Ayarlar!$B$3+Ayarlar!$B$4+Ayarlar!$B$5)+Ayarlar!$B$8)/((1-Ayarlar!$B$6)*(1-Ayarlar!$B$7)),0)) | J145: =IF(G145="","",ROUNDUP(((G145*Ayarlar!$B$3+Ayarlar!$B$4+Ayarlar!$B$5)+Ayarlar!$B$8)/((1-Ayarlar!$B$6)*(1-Ayarlar!$B$7-Ayarlar!$B$9)),0)) | K145: =IF(OR(G145="",F145=""),"",(F145*(1-Ayarlar!$B$6)-(F145*(1-Ayarlar!$B$6)*Ayarlar!$B$7+Ayarlar!$B$8)-(G145*Ayarlar!$B$3+Ayarlar!$B$4+Ayarlar!$B$5))/(F145*(1-Ayarlar!$B$6))) | L145: =IF(G145="","GRAM EKSİK",IF(F145>30000,"FİYAT ŞÜPHELİ",IF(K145<0,"ZARARDA",IF(F145<I145,"RİSKLİ","ok")))) | M145: https://www.etsy.com/listing/1863553142
A146: chains | B146: 14K Gold Necklace, Solid White Bead Ball Chain Design | C146: 4546907749 | D146: CWM42F-16 | E146: — | F146: 812.7 | H146: =IF(G146="","",G146*Ayarlar!$B$3+Ayarlar!$B$4+Ayarlar!$B$5) | I146: =IF(G146="","",ROUNDUP(((G146*Ayarlar!$B$3+Ayarlar!$B$4+Ayarlar!$B$5)+Ayarlar!$B$8)/((1-Ayarlar!$B$6)*(1-Ayarlar!$B$7)),0)) | J146: =IF(G146="","",ROUNDUP(((G146*Ayarlar!$B$3+Ayarlar!$B$4+Ayarlar!$B$5)+Ayarlar!$B$8)/((1-Ayarlar!$B$6)*(1-Ayarlar!$B$7-Ayarlar!$B$9)),0)) | K146: =IF(OR(G146="",F146=""),"",(F146*(1-Ayarlar!$B$6)-(F146*(1-Ayarlar!$B$6)*Ayarlar!$B$7+Ayarlar!$B$8)-(G146*Ayarlar!$B$3+Ayarlar!$B$4+Ayarlar!$B$5))/(F146*(1-Ayarlar!$B$6))) | L146: =IF(G146="","GRAM EKSİK",IF(F146>30000,"FİYAT ŞÜPHELİ",IF(K146<0,"ZARARDA",IF(F146<I146,"RİSKLİ","ok")))) | M146: https://www.etsy.com/listing/4546907749
A147: chains | B147: 14K Gold Necklace, Solid White Bead Ball Chain Design | C147: 4546907749 | D147: CWM42F-18 | E147: — | F147: 914.28 | H147: =IF(G147="","",G147*Ayarlar!$B$3+Ayarlar!$B$4+Ayarlar!$B$5) | I147: =IF(G147="","",ROUNDUP(((G147*Ayarlar!$B$3+Ayarlar!$B$4+Ayarlar!$B$5)+Ayarlar!$B$8)/((1-Ayarlar!$B$6)*(1-Ayarlar!$B$7)),0)) | J147: =IF(G147="","",ROUNDUP(((G147*Ayarlar!$B$3+Ayarlar!$B$4+Ayarlar!$B$5)+Ayarlar!$B$8)/((1-Ayarlar!$B$6)*(1-Ayarlar!$B$7-Ayarlar!$B$9)),0)) | K147: =IF(OR(G147="",F147=""),"",(F147*(1-Ayarlar!$B$6)-(F147*(1-Ayarlar!$B$6)*Ayarlar!$B$7+Ayarlar!$B$8)-(G147*Ayarlar!$B$3+Ayarlar!$B$4+Ayarlar!$B$5))/(F147*(1-Ayarlar!$B$6))) | L147: =IF(G147="","GRAM EKSİK",IF(F147>30000,"FİYAT ŞÜPHELİ",IF(K147<0,"ZARARDA",IF(F147<I147,"RİSKLİ","ok")))) | M147: https://www.etsy.com/listing/4546907749
A148: chains | B148: 14K Gold Necklace, Solid White Bead Ball Chain Design | C148: 4546907749 | D148: CWM42F-20 | E148: — | F148: 1015.87 | H148: =IF(G148="","",G148*Ayarlar!$B$3+Ayarlar!$B$4+Ayarlar!$B$5) | I148: =IF(G148="","",ROUNDUP(((G148*Ayarlar!$B$3+Ayarlar!$B$4+Ayarlar!$B$5)+Ayarlar!$B$8)/((1-Ayarlar!$B$6)*(1-Ayarlar!$B$7)),0)) | J148: =IF(G148="","",ROUNDUP(((G148*Ayarlar!$B$3+Ayarlar!$B$4+Ayarlar!$B$5)+Ayarlar!$B$8)/((1-Ayarlar!$B$6)*(1-Ayarlar!$B$7-Ayarlar!$B$9)),0)) | K148: =IF(OR(G148="",F148=""),"",(F148*(1-Ayarlar!$B$6)-(F148*(1-Ayarlar!$B$6)*Ayarlar!$B$7+Ayarlar!$B$8)-(G148*Ayarlar!$B$3+Ayarlar!$B$4+Ayarlar!$B$5))/(F148*(1-Ayarlar!$B$6))) | L148: =IF(G148="","GRAM EKSİK",IF(F148>30000,"FİYAT ŞÜPHELİ",IF(K148<0,"ZARARDA",IF(F148<I148,"RİSKLİ","ok")))) | M148: https://www.etsy.com/listing/4546907749
A149: chains | B149: 14K Gold Necklace, Solid White Bead Ball Chain Design | C149: 4546907749 | D149: CWM42F-22 | E149: — | F149: 1117.46 | H149: =IF(G149="","",G149*Ayarlar!$B$3+Ayarlar!$B$4+Ayarlar!$B$5) | I149: =IF(G149="","",ROUNDUP(((G149*Ayarlar!$B$3+Ayarlar!$B$4+Ayarlar!$B$5)+Ayarlar!$B$8)/((1-Ayarlar!$B$6)*(1-Ayarlar!$B$7)),0)) | J149: =IF(G149="","",ROUNDUP(((G149*Ayarlar!$B$3+Ayarlar!$B$4+Ayarlar!$B$5)+Ayarlar!$B$8)/((1-Ayarlar!$B$6)*(1-Ayarlar!$B$7-Ayarlar!$B$9)),0)) | K149: =IF(OR(G149="",F149=""),"",(F149*(1-Ayarlar!$B$6)-(F149*(1-Ayarlar!$B$6)*Ayarlar!$B$7+Ayarlar!$B$8)-(G149*Ayarlar!$B$3+Ayarlar!$B$4+Ayarlar!$B$5))/(F149*(1-Ayarlar!$B$6))) | L149: =IF(G149="","GRAM EKSİK",IF(F149>30000,"FİYAT ŞÜPHELİ",IF(K149<0,"ZARARDA",IF(F149<I149,"RİSKLİ","ok")))) | M149: https://www.etsy.com/listing/4546907749
A150: chains | B150: 14K Gold Necklace, Solid White Bead Ball Chain Design | C150: 4546907749 | D150: CWM42F-24 | E150: — | F150: 1219.05 | H150: =IF(G150="","",G150*Ayarlar!$B$3+Ayarlar!$B$4+Ayarlar!$B$5) | I150: =IF(G150="","",ROUNDUP(((G150*Ayarlar!$B$3+Ayarlar!$B$4+Ayarlar!$B$5)+Ayarlar!$B$8)/((1-Ayarlar!$B$6)*(1-Ayarlar!$B$7)),0)) | J150: =IF(G150="","",ROUNDUP(((G150*Ayarlar!$B$3+Ayarlar!$B$4+Ayarlar!$B$5)+Ayarlar!$B$8)/((1-Ayarlar!$B$6)*(1-Ayarlar!$B$7-Ayarlar!$B$9)),0)) | K150: =IF(OR(G150="",F150=""),"",(F150*(1-Ayarlar!$B$6)-(F150*(1-Ayarlar!$B$6)*Ayarlar!$B$7+Ayarlar!$B$8)-(G150*Ayarlar!$B$3+Ayarlar!$B$4+Ayarlar!$B$5))/(F150*(1-Ayarlar!$B$6))) | L150: =IF(G150="","GRAM EKSİK",IF(F150>30000,"FİYAT ŞÜPHELİ",IF(K150<0,"ZARARDA",IF(F150<I150,"RİSKLİ","ok")))) | M150: https://www.etsy.com/listing/4546907749
A151: chains | B151: 14K Gold Necklace, Solid White Bead Ball Chain Design | C151: 4546907749 | D151: CWM43F-16 | E151: — | F151: 1741.5 | H151: =IF(G151="","",G151*Ayarlar!$B$3+Ayarlar!$B$4+Ayarlar!$B$5) | I151: =IF(G151="","",ROUNDUP(((G151*Ayarlar!$B$3+Ayarlar!$B$4+Ayarlar!$B$5)+Ayarlar!$B$8)/((1-Ayarlar!$B$6)*(1-Ayarlar!$B$7)),0)) | J151: =IF(G151="","",ROUNDUP(((G151*Ayarlar!$B$3+Ayarlar!$B$4+Ayarlar!$B$5)+Ayarlar!$B$8)/((1-Ayarlar!$B$6)*(1-Ayarlar!$B$7-Ayarlar!$B$9)),0)) | K151: =IF(OR(G151="",F151=""),"",(F151*(1-Ayarlar!$B$6)-(F151*(1-Ayarlar!$B$6)*Ayarlar!$B$7+Ayarlar!$B$8)-(G151*Ayarlar!$B$3+Ayarlar!$B$4+Ayarlar!$B$5))/(F151*(1-Ayarlar!$B$6))) | L151: =IF(G151="","GRAM EKSİK",IF(F151>30000,"FİYAT ŞÜPHELİ",IF(K151<0,"ZARARDA",IF(F151<I151,"RİSKLİ","ok")))) | M151: https://www.etsy.com/listing/4546907749
A152: chains | B152: 14K Gold Necklace, Solid White Bead Ball Chain Design | C152: 4546907749 | D152: CWM43F-18 | E152: — | F152: 1950.48 | H152: =IF(G152="","",G152*Ayarlar!$B$3+Ayarlar!$B$4+Ayarlar!$B$5) | I152: =IF(G152="","",ROUNDUP(((G152*Ayarlar!$B$3+Ayarlar!$B$4+Ayarlar!$B$5)+Ayarlar!$B$8)/((1-Ayarlar!$B$6)*(1-Ayarlar!$B$7)),0)) | J152: =IF(G152="","",ROUNDUP(((G152*Ayarlar!$B$3+Ayarlar!$B$4+Ayarlar!$B$5)+Ayarlar!$B$8)/((1-Ayarlar!$B$6)*(1-Ayarlar!$B$7-Ayarlar!$B$9)),0)) | K152: =IF(OR(G152="",F152=""),"",(F152*(1-Ayarlar!$B$6)-(F152*(1-Ayarlar!$B$6)*Ayarlar!$B$7+Ayarlar!$B$8)-(G152*Ayarlar!$B$3+Ayarlar!$B$4+Ayarlar!$B$5))/(F152*(1-Ayarlar!$B$6))) | L152: =IF(G152="","GRAM EKSİK",IF(F152>30000,"FİYAT ŞÜPHELİ",IF(K152<0,"ZARARDA",IF(F152<I152,"RİSKLİ","ok")))) | M152: https://www.etsy.com/listing/4546907749
A153: chains | B153: 14K Gold Necklace, Solid White Bead Ball Chain Design | C153: 4546907749 | D153: CWM43F-20 | E153: — | F153: 2147.85 | H153: =IF(G153="","",G153*Ayarlar!$B$3+Ayarlar!$B$4+Ayarlar!$B$5) | I153: =IF(G153="","",ROUNDUP(((G153*Ayarlar!$B$3+Ayarlar!$B$4+Ayarlar!$B$5)+Ayarlar!$B$8)/((1-Ayarlar!$B$6)*(1-Ayarlar!$B$7)),0)) | J153: =IF(G153="","",ROUNDUP(((G153*Ayarlar!$B$3+Ayarlar!$B$4+Ayarlar!$B$5)+Ayarlar!$B$8)/((1-Ayarlar!$B$6)*(1-Ayarlar!$B$7-Ayarlar!$B$9)),0)) | K153: =IF(OR(G153="",F153=""),"",(F153*(1-Ayarlar!$B$6)-(F153*(1-Ayarlar!$B$6)*Ayarlar!$B$7+Ayarlar!$B$8)-(G153*Ayarlar!$B$3+Ayarlar!$B$4+Ayarlar!$B$5))/(F153*(1-Ayarlar!$B$6))) | L153: =IF(G153="","GRAM EKSİK",IF(F153>30000,"FİYAT ŞÜPHELİ",IF(K153<0,"ZARARDA",IF(F153<I153,"RİSKLİ","ok")))) | M153: https://www.etsy.com/listing/4546907749
A154: chains | B154: 14K Gold Necklace, Solid White Bead Ball Chain Design | C154: 4546907749 | D154: CWM43F-22 | E154: — | F154: 2322 | H154: =IF(G154="","",G154*Ayarlar!$B$3+Ayarlar!$B$4+Ayarlar!$B$5) | I154: =IF(G154="","",ROUNDUP(((G154*Ayarlar!$B$3+Ayarlar!$B$4+Ayarlar!$B$5)+Ayarlar!$B$8)/((1-Ayarlar!$B$6)*(1-Ayarlar!$B$7)),0)) | J154: =IF(G154="","",ROUNDUP(((G154*Ayarlar!$B$3+Ayarlar!$B$4+Ayarlar!$B$5)+Ayarlar!$B$8)/((1-Ayarlar!$B$6)*(1-Ayarlar!$B$7-Ayarlar!$B$9)),0)) | K154: =IF(OR(G154="",F154=""),"",(F154*(1-Ayarlar!$B$6)-(F154*(1-Ayarlar!$B$6)*Ayarlar!$B$7+Ayarlar!$B$8)-(G154*Ayarlar!$B$3+Ayarlar!$B$4+Ayarlar!$B$5))/(F154*(1-Ayarlar!$B$6))) | L154: =IF(G154="","GRAM EKSİK",IF(F154>30000,"FİYAT ŞÜPHELİ",IF(K154<0,"ZARARDA",IF(F154<I154,"RİSKLİ","ok")))) | M154: https://www.etsy.com/listing/4546907749
A155: chains | B155: 14K Gold Necklace, Solid White Bead Ball Chain Design | C155: 4546907749 | D155: CWM43F-24 | E155: — | F155: 2554.2 | H155: =IF(G155="","",G155*Ayarlar!$B$3+Ayarlar!$B$4+Ayarlar!$B$5) | I155: =IF(G155="","",ROUNDUP(((G155*Ayarlar!$B$3+Ayarlar!$B$4+Ayarlar!$B$5)+Ayarlar!$B$8)/((1-Ayarlar!$B$6)*(1-Ayarlar!$B$7)),0)) | J155: =IF(G155="","",ROUNDUP(((G155*Ayarlar!$B$3+Ayarlar!$B$4+Ayarlar!$B$5)+Ayarlar!$B$8)/((1-Ayarlar!$B$6)*(1-Ayarlar!$B$7-Ayarlar!$B$9)),0)) | K155: =IF(OR(G155="",F155=""),"",(F155*(1-Ayarlar!$B$6)-(F155*(1-Ayarlar!$B$6)*Ayarlar!$B$7+Ayarlar!$B$8)-(G155*Ayarlar!$B$3+Ayarlar!$B$4+Ayarlar!$B$5))/(F155*(1-Ayarlar!$B$6))) | L155: =IF(G155="","GRAM EKSİK",IF(F155>30000,"FİYAT ŞÜPHELİ",IF(K155<0,"ZARARDA",IF(F155<I155,"RİSKLİ","ok")))) | M155: https://www.etsy.com/listing/4546907749
A156: chains | B156: 14K Gold Necklace, Solid White Bead Ball Chain Design | C156: 4546907749 | D156: CWM44F-16 | E156: — | F156: 2902.5 | H156: =IF(G156="","",G156*Ayarlar!$B$3+Ayarlar!$B$4+Ayarlar!$B$5) | I156: =IF(G156="","",ROUNDUP(((G156*Ayarlar!$B$3+Ayarlar!$B$4+Ayarlar!$B$5)+Ayarlar!$B$8)/((1-Ayarlar!$B$6)*(1-Ayarlar!$B$7)),0)) | J156: =IF(G156="","",ROUNDUP(((G156*Ayarlar!$B$3+Ayarlar!$B$4+Ayarlar!$B$5)+Ayarlar!$B$8)/((1-Ayarlar!$B$6)*(1-Ayarlar!$B$7-Ayarlar!$B$9)),0)) | K156: =IF(OR(G156="",F156=""),"",(F156*(1-Ayarlar!$B$6)-(F156*(1-Ayarlar!$B$6)*Ayarlar!$B$7+Ayarlar!$B$8)-(G156*Ayarlar!$B$3+Ayarlar!$B$4+Ayarlar!$B$5))/(F156*(1-Ayarlar!$B$6))) | L156: =IF(G156="","GRAM EKSİK",IF(F156>30000,"FİYAT ŞÜPHELİ",IF(K156<0,"ZARARDA",IF(F156<I156,"RİSKLİ","ok")))) | M156: https://www.etsy.com/listing/4546907749
A157: chains | B157: 14K Gold Necklace, Solid White Bead Ball Chain Design | C157: 4546907749 | D157: CWM44F-18 | E157: — | F157: 3250.8 | H157: =IF(G157="","",G157*Ayarlar!$B$3+Ayarlar!$B$4+Ayarlar!$B$5) | I157: =IF(G157="","",ROUNDUP(((G157*Ayarlar!$B$3+Ayarlar!$B$4+Ayarlar!$B$5)+Ayarlar!$B$8)/((1-Ayarlar!$B$6)*(1-Ayarlar!$B$7)),0)) | J157: =IF(G157="","",ROUNDUP(((G157*Ayarlar!$B$3+Ayarlar!$B$4+Ayarlar!$B$5)+Ayarlar!$B$8)/((1-Ayarlar!$B$6)*(1-Ayarlar!$B$7-Ayarlar!$B$9)),0)) | K157: =IF(OR(G157="",F157=""),"",(F157*(1-Ayarlar!$B$6)-(F157*(1-Ayarlar!$B$6)*Ayarlar!$B$7+Ayarlar!$B$8)-(G157*Ayarlar!$B$3+Ayarlar!$B$4+Ayarlar!$B$5))/(F157*(1-Ayarlar!$B$6))) | L157: =IF(G157="","GRAM EKSİK",IF(F157>30000,"FİYAT ŞÜPHELİ",IF(K157<0,"ZARARDA",IF(F157<I157,"RİSKLİ","ok")))) | M157: https://www.etsy.com/listing/4546907749
... A160: chains | B160: 14K Gold Necklace, Solid White Bead Ball Chain Design | C160: 4546907749 | D160: CWM44F-24 | E160: — | F160: 4295.7 | H160: =IF(G160="","",G160*Ayarlar!$B$3+Ayarlar!$B$4+Ayarlar!$B$5) | I160: =IF(G160="","",ROUNDUP(((G160*Ayarlar!$B$3+Ayarlar!$B$4+Ayarlar!$B$5)+Ayarlar!$B$8)/((1-Ayarlar!$B$6)*(1-Ayarlar!$B$7)),0)) | J160: =IF(G160="","",ROUNDUP(((G160*Ayarlar!$B$3+Ayarlar!$B$4+Ayarlar!$B$5)+Ayarlar!$B$8)/((1-Ayarlar!$B$6)*(1-Ayarlar!$B$7-Ayarlar!$B$9)),0)) | K160: =IF(OR(G160="",F160=""),"",(F160*(1-Ayarlar!$B$6)-(F160*(1-Ayarlar!$B$6)*Ayarlar!$B$7+Ayarlar!$B$8)-(G160*Ayarlar!$B$3+Ayarlar!$B$4+Ayarlar!$B$5))/(F160*(1-Ayarlar!$B$6))) | L160: =IF(G160="","GRAM EKSİK",IF(F160>30000,"FİYAT ŞÜPHELİ",IF(K160<0,"ZARARDA",IF(F160<I160,"RİSKLİ","ok")))) | M160: https://www.etsy.com/listing/4546907749
A161: chains | B161: 14K Gold Rope Bracelet – Twisted Diamond Cut, Unisex Luxury | C161: 1296896712 | D161: BRP1F-7 | E161: inferred | F161: 181 | G161: 1.22 | H161: =IF(G161="","",G161*Ayarlar!$B$3+Ayarlar!$B$4+Ayarlar!$B$5) | I161: =IF(G161="","",ROUNDUP(((G161*Ayarlar!$B$3+Ayarlar!$B$4+Ayarlar!$B$5)+Ayarlar!$B$8)/((1-Ayarlar!$B$6)*(1-Ayarlar!$B$7)),0)) | J161: =IF(G161="","",ROUNDUP(((G161*Ayarlar!$B$3+Ayarlar!$B$4+Ayarlar!$B$5)+Ayarlar!$B$8)/((1-Ayarlar!$B$6)*(1-Ayarlar!$B$7-Ayarlar!$B$9)),0)) | K161: =IF(OR(G161="",F161=""),"",(F161*(1-Ayarlar!$B$6)-(F161*(1-Ayarlar!$B$6)*Ayarlar!$B$7+Ayarlar!$B$8)-(G161*Ayarlar!$B$3+Ayarlar!$B$4+Ayarlar!$B$5))/(F161*(1-Ayarlar!$B$6))) | L161: =IF(G161="","GRAM EKSİK",IF(F161>30000,"FİYAT ŞÜPHELİ",IF(K161<0,"ZARARDA",IF(F161<I161,"RİSKLİ","ok")))) | M161: https://www.etsy.com/listing/1296896712
A162: chains | B162: 14K Gold Rope Bracelet – Twisted Diamond Cut, Unisex Luxury | C162: 1296896712 | D162: BRP1F-7.5 | E162: shipstation | F162: 251 | G162: 1.22 | H162: =IF(G162="","",G162*Ayarlar!$B$3+Ayarlar!$B$4+Ayarlar!$B$5) | I162: =IF(G162="","",ROUNDUP(((G162*Ayarlar!$B$3+Ayarlar!$B$4+Ayarlar!$B$5)+Ayarlar!$B$8)/((1-Ayarlar!$B$6)*(1-Ayarlar!$B$7)),0)) | J162: =IF(G162="","",ROUNDUP(((G162*Ayarlar!$B$3+Ayarlar!$B$4+Ayarlar!$B$5)+Ayarlar!$B$8)/((1-Ayarlar!$B$6)*(1-Ayarlar!$B$7-Ayarlar!$B$9)),0)) | K162: =IF(OR(G162="",F162=""),"",(F162*(1-Ayarlar!$B$6)-(F162*(1-Ayarlar!$B$6)*Ayarlar!$B$7+Ayarlar!$B$8)-(G162*Ayarlar!$B$3+Ayarlar!$B$4+Ayarlar!$B$5))/(F162*(1-Ayarlar!$B$6))) | L162: =IF(G162="","GRAM EKSİK",IF(F162>30000,"FİYAT ŞÜPHELİ",IF(K162<0,"ZARARDA",IF(F162<I162,"RİSKLİ","ok")))) | M162: https://www.etsy.com/listing/1296896712
A163: chains | B163: 14K Gold Rope Bracelet – Twisted Diamond Cut, Unisex Luxury | C163: 1296896712 | D163: BRP1F-8 | E163: shipstation | F163: 263 | G163: 1.22 | H163: =IF(G163="","",G163*Ayarlar!$B$3+Ayarlar!$B$4+Ayarlar!$B$5) | I163: =IF(G163="","",ROUNDUP(((G163*Ayarlar!$B$3+Ayarlar!$B$4+Ayarlar!$B$5)+Ayarlar!$B$8)/((1-Ayarlar!$B$6)*(1-Ayarlar!$B$7)),0)) | J163: =IF(G163="","",ROUNDUP(((G163*Ayarlar!$B$3+Ayarlar!$B$4+Ayarlar!$B$5)+Ayarlar!$B$8)/((1-Ayarlar!$B$6)*(1-Ayarlar!$B$7-Ayarlar!$B$9)),0)) | K163: =IF(OR(G163="",F163=""),"",(F163*(1-Ayarlar!$B$6)-(F163*(1-Ayarlar!$B$6)*Ayarlar!$B$7+Ayarlar!$B$8)-(G163*Ayarlar!$B$3+Ayarlar!$B$4+Ayarlar!$B$5))/(F163*(1-Ayarlar!$B$6))) | L163: =IF(G163="","GRAM EKSİK",IF(F163>30000,"FİYAT ŞÜPHELİ",IF(K163<0,"ZARARDA",IF(F163<I163,"RİSKLİ","ok")))) | M163: https://www.etsy.com/listing/1296896712
A164: chains | B164: 14K Gold Rope Bracelet – Twisted Diamond Cut, Unisex Luxury | C164: 1296896712 | D164: BRP2F-7 | E164: shipstation | F164: 263 | G164: 1.32 | H164: =IF(G164="","",G164*Ayarlar!$B$3+Ayarlar!$B$4+Ayarlar!$B$5) | I164: =IF(G164="","",ROUNDUP(((G164*Ayarlar!$B$3+Ayarlar!$B$4+Ayarlar!$B$5)+Ayarlar!$B$8)/((1-Ayarlar!$B$6)*(1-Ayarlar!$B$7)),0)) | J164: =IF(G164="","",ROUNDUP(((G164*Ayarlar!$B$3+Ayarlar!$B$4+Ayarlar!$B$5)+Ayarlar!$B$8)/((1-Ayarlar!$B$6)*(1-Ayarlar!$B$7-Ayarlar!$B$9)),0)) | K164: =IF(OR(G164="",F164=""),"",(F164*(1-Ayarlar!$B$6)-(F164*(1-Ayarlar!$B$6)*Ayarlar!$B$7+Ayarlar!$B$8)-(G164*Ayarlar!$B$3+Ayarlar!$B$4+Ayarlar!$B$5))/(F164*(1-Ayarlar!$B$6))) | L164: =IF(G164="","GRAM EKSİK",IF(F164>30000,"FİYAT ŞÜPHELİ",IF(K164<0,"ZARARDA",IF(F164<I164,"RİSKLİ","ok")))) | M164: https://www.etsy.com/listing/1296896712
A165: chains | B165: 14K Gold Rope Bracelet – Twisted Diamond Cut, Unisex Luxury | C165: 1296896712 | D165: BRP2F-7.5 | E165: inferred | F165: 276 | G165: 1.41 | H165: =IF(G165="","",G165*Ayarlar!$B$3+Ayarlar!$B$4+Ayarlar!$B$5) | I165: =IF(G165="","",ROUNDUP(((G165*Ayarlar!$B$3+Ayarlar!$B$4+Ayarlar!$B$5)+Ayarlar!$B$8)/((1-Ayarlar!$B$6)*(1-Ayarlar!$B$7)),0)) | J165: =IF(G165="","",ROUNDUP(((G165*Ayarlar!$B$3+Ayarlar!$B$4+Ayarlar!$B$5)+Ayarlar!$B$8)/((1-Ayarlar!$B$6)*(1-Ayarlar!$B$7-Ayarlar!$B$9)),0)) | K165: =IF(OR(G165="",F165=""),"",(F165*(1-Ayarlar!$B$6)-(F165*(1-Ayarlar!$B$6)*Ayarlar!$B$7+Ayarlar!$B$8)-(G165*Ayarlar!$B$3+Ayarlar!$B$4+Ayarlar!$B$5))/(F165*(1-Ayarlar!$B$6))) | L165: =IF(G165="","GRAM EKSİK",IF(F165>30000,"FİYAT ŞÜPHELİ",IF(K165<0,"ZARARDA",IF(F165<I165,"RİSKLİ","ok")))) | M165: https://www.etsy.com/listing/1296896712
A166: chains | B166: 14K Gold Rope Bracelet – Twisted Diamond Cut, Unisex Luxury | C166: 1296896712 | D166: BRP2F-8 | E166: inferred | F166: 288 | G166: 1.51 | H166: =IF(G166="","",G166*Ayarlar!$B$3+Ayarlar!$B$4+Ayarlar!$B$5) | I166: =IF(G166="","",ROUNDUP(((G166*Ayarlar!$B$3+Ayarlar!$B$4+Ayarlar!$B$5)+Ayarlar!$B$8)/((1-Ayarlar!$B$6)*(1-Ayarlar!$B$7)),0)) | J166: =IF(G166="","",ROUNDUP(((G166*Ayarlar!$B$3+Ayarlar!$B$4+Ayarlar!$B$5)+Ayarlar!$B$8)/((1-Ayarlar!$B$6)*(1-Ayarlar!$B$7-Ayarlar!$B$9)),0)) | K166: =IF(OR(G166="",F166=""),"",(F166*(1-Ayarlar!$B$6)-(F166*(1-Ayarlar!$B$6)*Ayarlar!$B$7+Ayarlar!$B$8)-(G166*Ayarlar!$B$3+Ayarlar!$B$4+Ayarlar!$B$5))/(F166*(1-Ayarlar!$B$6))) | L166: =IF(G166="","GRAM EKSİK",IF(F166>30000,"FİYAT ŞÜPHELİ",IF(K166<0,"ZARARDA",IF(F166<I166,"RİSKLİ","ok")))) | M166: https://www.etsy.com/listing/1296896712
A167: chains | B167: 14K Gold Rope Bracelet – Twisted Diamond Cut, Unisex Luxury | C167: 1296896712 | D167: BRP3F-7 | E167: inferred | F167: 270 | G167: 1.42 | H167: =IF(G167="","",G167*Ayarlar!$B$3+Ayarlar!$B$4+Ayarlar!$B$5) | I167: =IF(G167="","",ROUNDUP(((G167*Ayarlar!$B$3+Ayarlar!$B$4+Ayarlar!$B$5)+Ayarlar!$B$8)/((1-Ayarlar!$B$6)*(1-Ayarlar!$B$7)),0)) | J167: =IF(G167="","",ROUNDUP(((G167*Ayarlar!$B$3+Ayarlar!$B$4+Ayarlar!$B$5)+Ayarlar!$B$8)/((1-Ayarlar!$B$6)*(1-Ayarlar!$B$7-Ayarlar!$B$9)),0)) | K167: =IF(OR(G167="",F167=""),"",(F167*(1-Ayarlar!$B$6)-(F167*(1-Ayarlar!$B$6)*Ayarlar!$B$7+Ayarlar!$B$8)-(G167*Ayarlar!$B$3+Ayarlar!$B$4+Ayarlar!$B$5))/(F167*(1-Ayarlar!$B$6))) | L167: =IF(G167="","GRAM EKSİK",IF(F167>30000,"FİYAT ŞÜPHELİ",IF(K167<0,"ZARARDA",IF(F167<I167,"RİSKLİ","ok")))) | M167: https://www.etsy.com/listing/1296896712
A168: chains | B168: 14K Gold Rope Bracelet – Twisted Diamond Cut, Unisex Luxury | C168: 1296896712 | D168: BRP3F-7.5 | E168: shipstation | F168: 283 | G168: 1.52 | H168: =IF(G168="","",G168*Ayarlar!$B$3+Ayarlar!$B$4+Ayarlar!$B$5) | I168: =IF(G168="","",ROUNDUP(((G168*Ayarlar!$B$3+Ayarlar!$B$4+Ayarlar!$B$5)+Ayarlar!$B$8)/((1-Ayarlar!$B$6)*(1-Ayarlar!$B$7)),0)) | J168: =IF(G168="","",ROUNDUP(((G168*Ayarlar!$B$3+Ayarlar!$B$4+Ayarlar!$B$5)+Ayarlar!$B$8)/((1-Ayarlar!$B$6)*(1-Ayarlar!$B$7-Ayarlar!$B$9)),0)) | K168: =IF(OR(G168="",F168=""),"",(F168*(1-Ayarlar!$B$6)-(F168*(1-Ayarlar!$B$6)*Ayarlar!$B$7+Ayarlar!$B$8)-(G168*Ayarlar!$B$3+Ayarlar!$B$4+Ayarlar!$B$5))/(F168*(1-Ayarlar!$B$6))) | L168: =IF(G168="","GRAM EKSİK",IF(F168>30000,"FİYAT ŞÜPHELİ",IF(K168<0,"ZARARDA",IF(F168<I168,"RİSKLİ","ok")))) | M168: https://www.etsy.com/listing/1296896712
A169: chains | B169: 14K Gold Rope Bracelet – Twisted Diamond Cut, Unisex Luxury | C169: 1296896712 | D169: BRP3F-8 | E169: inferred | F169: 289 | G169: 1.62 | H169: =IF(G169="","",G169*Ayarlar!$B$3+Ayarlar!$B$4+Ayarlar!$B$5) | I169: =IF(G169="","",ROUNDUP(((G169*Ayarlar!$B$3+Ayarlar!$B$4+Ayarlar!$B$5)+Ayarlar!$B$8)/((1-Ayarlar!$B$6)*(1-Ayarlar!$B$7)),0)) | J169: =IF(G169="","",ROUNDUP(((G169*Ayarlar!$B$3+Ayarlar!$B$4+Ayarlar!$B$5)+Ayarlar!$B$8)/((1-Ayarlar!$B$6)*(1-Ayarlar!$B$7-Ayarlar!$B$9)),0)) | K169: =IF(OR(G169="",F169=""),"",(F169*(1-Ayarlar!$B$6)-(F169*(1-Ayarlar!$B$6)*Ayarlar!$B$7+Ayarlar!$B$8)-(G169*Ayarlar!$B$3+Ayarlar!$B$4+Ayarlar!$B$5))/(F169*(1-Ayarlar!$B$6))) | L169: =IF(G169="","GRAM EKSİK",IF(F169>30000,"FİYAT ŞÜPHELİ",IF(K169<0,"ZARARDA",IF(F169<I169,"RİSKLİ","ok")))) | M169: https://www.etsy.com/listing/1296896712
A170: chains | B170: 14K Gold Rope Bracelet – Twisted Diamond Cut, Unisex Luxury | C170: 1296896712 | D170: BRP4F-7 | E170: inferred | F170: 433 | G170: 2.31 | H170: =IF(G170="","",G170*Ayarlar!$B$3+Ayarlar!$B$4+Ayarlar!$B$5) | I170: =IF(G170="","",ROUNDUP(((G170*Ayarlar!$B$3+Ayarlar!$B$4+Ayarlar!$B$5)+Ayarlar!$B$8)/((1-Ayarlar!$B$6)*(1-Ayarlar!$B$7)),0)) | J170: =IF(G170="","",ROUNDUP(((G170*Ayarlar!$B$3+Ayarlar!$B$4+Ayarlar!$B$5)+Ayarlar!$B$8)/((1-Ayarlar!$B$6)*(1-Ayarlar!$B$7-Ayarlar!$B$9)),0)) | K170: =IF(OR(G170="",F170=""),"",(F170*(1-Ayarlar!$B$6)-(F170*(1-Ayarlar!$B$6)*Ayarlar!$B$7+Ayarlar!$B$8)-(G170*Ayarlar!$B$3+Ayarlar!$B$4+Ayarlar!$B$5))/(F170*(1-Ayarlar!$B$6))) | L170: =IF(G170="","GRAM EKSİK",IF(F170>30000,"FİYAT ŞÜPHELİ",IF(K170<0,"ZARARDA",IF(F170<I170,"RİSKLİ","ok")))) | M170: https://www.etsy.com/listing/1296896712
A171: chains | B171: 14K Gold Rope Bracelet – Twisted Diamond Cut, Unisex Luxury | C171: 1296896712 | D171: BRP4F-7.5 | E171: shipstation | F171: 462 | G171: 2.48 | H171: =IF(G171="","",G171*Ayarlar!$B$3+Ayarlar!$B$4+Ayarlar!$B$5) | I171: =IF(G171="","",ROUNDUP(((G171*Ayarlar!$B$3+Ayarlar!$B$4+Ayarlar!$B$5)+Ayarlar!$B$8)/((1-Ayarlar!$B$6)*(1-Ayarlar!$B$7)),0)) | J171: =IF(G171="","",ROUNDUP(((G171*Ayarlar!$B$3+Ayarlar!$B$4+Ayarlar!$B$5)+Ayarlar!$B$8)/((1-Ayarlar!$B$6)*(1-Ayarlar!$B$7-Ayarlar!$B$9)),0)) | K171: =IF(OR(G171="",F171=""),"",(F171*(1-Ayarlar!$B$6)-(F171*(1-Ayarlar!$B$6)*Ayarlar!$B$7+Ayarlar!$B$8)-(G171*Ayarlar!$B$3+Ayarlar!$B$4+Ayarlar!$B$5))/(F171*(1-Ayarlar!$B$6))) | L171: =IF(G171="","GRAM EKSİK",IF(F171>30000,"FİYAT ŞÜPHELİ",IF(K171<0,"ZARARDA",IF(F171<I171,"RİSKLİ","ok")))) | M171: https://www.etsy.com/listing/1296896712
A172: chains | B172: 14K Gold Rope Bracelet – Twisted Diamond Cut, Unisex Luxury | C172: 1296896712 | D172: BRP4F-8 | E172: inferred | F172: 492 | G172: 2.65 | H172: =IF(G172="","",G172*Ayarlar!$B$3+Ayarlar!$B$4+Ayarlar!$B$5) | I172: =IF(G172="","",ROUNDUP(((G172*Ayarlar!$B$3+Ayarlar!$B$4+Ayarlar!$B$5)+Ayarlar!$B$8)/((1-Ayarlar!$B$6)*(1-Ayarlar!$B$7)),0)) | J172: =IF(G172="","",ROUNDUP(((G172*Ayarlar!$B$3+Ayarlar!$B$4+Ayarlar!$B$5)+Ayarlar!$B$8)/((1-Ayarlar!$B$6)*(1-Ayarlar!$B$7-Ayarlar!$B$9)),0)) | K172: =IF(OR(G172="",F172=""),"",(F172*(1-Ayarlar!$B$6)-(F172*(1-Ayarlar!$B$6)*Ayarlar!$B$7+Ayarlar!$B$8)-(G172*Ayarlar!$B$3+Ayarlar!$B$4+Ayarlar!$B$5))/(F172*(1-Ayarlar!$B$6))) | L172: =IF(G172="","GRAM EKSİK",IF(F172>30000,"FİYAT ŞÜPHELİ",IF(K172<0,"ZARARDA",IF(F172<I172,"RİSKLİ","ok")))) | M172: https://www.etsy.com/listing/1296896712
... A459: chains | B459: 14K White Gold Round Box Chain Necklace - Women and Men | C459: 1862671943 | D459: CRDW5-24 | E459: shipstation | F459: 2552 | G459: 16.25 | H459: =IF(G459="","",G459*Ayarlar!$B$3+Ayarlar!$B$4+Ayarlar!$B$5) | I459: =IF(G459="","",ROUNDUP(((G459*Ayarlar!$B$3+Ayarlar!$B$4+Ayarlar!$B$5)+Ayarlar!$B$8)/((1-Ayarlar!$B$6)*(1-Ayarlar!$B$7)),0)) | J459: =IF(G459="","",ROUNDUP(((G459*Ayarlar!$B$3+Ayarlar!$B$4+Ayarlar!$B$5)+Ayarlar!$B$8)/((1-Ayarlar!$B$6)*(1-Ayarlar!$B$7-Ayarlar!$B$9)),0)) | K459: =IF(OR(G459="",F459=""),"",(F459*(1-Ayarlar!$B$6)-(F459*(1-Ayarlar!$B$6)*Ayarlar!$B$7+Ayarlar!$B$8)-(G459*Ayarlar!$B$3+Ayarlar!$B$4+Ayarlar!$B$5))/(F459*(1-Ayarlar!$B$6))) | L459: =IF(G459="","GRAM EKSİK",IF(F459>30000,"FİYAT ŞÜPHELİ",IF(K459<0,"ZARARDA",IF(F459<I459,"RİSKLİ","ok")))) | M459: https://www.etsy.com/listing/1862671943
A460: chains | B460: 14K Yellow Gold Box Chain Bracelet / Unisex Design | C460: 1523519158 | D460: B1523519158 | E460: — | F460: 238.15 | H460: =IF(G460="","",G460*Ayarlar!$B$3+Ayarlar!$B$4+Ayarlar!$B$5) | I460: =IF(G460="","",ROUNDUP(((G460*Ayarlar!$B$3+Ayarlar!$B$4+Ayarlar!$B$5)+Ayarlar!$B$8)/((1-Ayarlar!$B$6)*(1-Ayarlar!$B$7)),0)) | J460: =IF(G460="","",ROUNDUP(((G460*Ayarlar!$B$3+Ayarlar!$B$4+Ayarlar!$B$5)+Ayarlar!$B$8)/((1-Ayarlar!$B$6)*(1-Ayarlar!$B$7-Ayarlar!$B$9)),0)) | K460: =IF(OR(G460="",F460=""),"",(F460*(1-Ayarlar!$B$6)-(F460*(1-Ayarlar!$B$6)*Ayarlar!$B$7+Ayarlar!$B$8)-(G460*Ayarlar!$B$3+Ayarlar!$B$4+Ayarlar!$B$5))/(F460*(1-Ayarlar!$B$6))) | L460: =IF(G460="","GRAM EKSİK",IF(F460>30000,"FİYAT ŞÜPHELİ",IF(K460<0,"ZARARDA",IF(F460<I460,"RİSKLİ","ok")))) | M460: https://www.etsy.com/listing/1523519158
A461: chains | B461: 14K Yellow Gold Figaro Link Chain / Elegant Everyday Necklac | C461: 1868666012 | D461: C14FIG65-16 | E461: description | F461: 1449 | G461: 8.84 | H461: =IF(G461="","",G461*Ayarlar!$B$3+Ayarlar!$B$4+Ayarlar!$B$5) | I461: =IF(G461="","",ROUNDUP(((G461*Ayarlar!$B$3+Ayarlar!$B$4+Ayarlar!$B$5)+Ayarlar!$B$8)/((1-Ayarlar!$B$6)*(1-Ayarlar!$B$7)),0)) | J461: =IF(G461="","",ROUNDUP(((G461*Ayarlar!$B$3+Ayarlar!$B$4+Ayarlar!$B$5)+Ayarlar!$B$8)/((1-Ayarlar!$B$6)*(1-Ayarlar!$B$7-Ayarlar!$B$9)),0)) | K461: =IF(OR(G461="",F461=""),"",(F461*(1-Ayarlar!$B$6)-(F461*(1-Ayarlar!$B$6)*Ayarlar!$B$7+Ayarlar!$B$8)-(G461*Ayarlar!$B$3+Ayarlar!$B$4+Ayarlar!$B$5))/(F461*(1-Ayarlar!$B$6))) | L461: =IF(G461="","GRAM EKSİK",IF(F461>30000,"FİYAT ŞÜPHELİ",IF(K461<0,"ZARARDA",IF(F461<I461,"RİSKLİ","ok")))) | M461: https://www.etsy.com/listing/1868666012
A462: chains | B462: 14K Yellow Gold Figaro Link Chain / Elegant Everyday Necklac | C462: 1868666012 | D462: C14FIG65-18 | E462: description | F462: 1570 | G462: 9.95 | H462: =IF(G462="","",G462*Ayarlar!$B$3+Ayarlar!$B$4+Ayarlar!$B$5) | I462: =IF(G462="","",ROUNDUP(((G462*Ayarlar!$B$3+Ayarlar!$B$4+Ayarlar!$B$5)+Ayarlar!$B$8)/((1-Ayarlar!$B$6)*(1-Ayarlar!$B$7)),0)) | J462: =IF(G462="","",ROUNDUP(((G462*Ayarlar!$B$3+Ayarlar!$B$4+Ayarlar!$B$5)+Ayarlar!$B$8)/((1-Ayarlar!$B$6)*(1-Ayarlar!$B$7-Ayarlar!$B$9)),0)) | K462: =IF(OR(G462="",F462=""),"",(F462*(1-Ayarlar!$B$6)-(F462*(1-Ayarlar!$B$6)*Ayarlar!$B$7+Ayarlar!$B$8)-(G462*Ayarlar!$B$3+Ayarlar!$B$4+Ayarlar!$B$5))/(F462*(1-Ayarlar!$B$6))) | L462: =IF(G462="","GRAM EKSİK",IF(F462>30000,"FİYAT ŞÜPHELİ",IF(K462<0,"ZARARDA",IF(F462<I462,"RİSKLİ","ok")))) | M462: https://www.etsy.com/listing/1868666012
A463: chains | B463: 14K Yellow Gold Figaro Link Chain / Elegant Everyday Necklac | C463: 1868666012 | D463: C14FIG65-20 | E463: description | F463: 1694 | G463: 11.05 | H463: =IF(G463="","",G463*Ayarlar!$B$3+Ayarlar!$B$4+Ayarlar!$B$5) | I463: =IF(G463="","",ROUNDUP(((G463*Ayarlar!$B$3+Ayarlar!$B$4+Ayarlar!$B$5)+Ayarlar!$B$8)/((1-Ayarlar!$B$6)*(1-Ayarlar!$B$7)),0)) | J463: =IF(G463="","",ROUNDUP(((G463*Ayarlar!$B$3+Ayarlar!$B$4+Ayarlar!$B$5)+Ayarlar!$B$8)/((1-Ayarlar!$B$6)*(1-Ayarlar!$B$7-Ayarlar!$B$9)),0)) | K463: =IF(OR(G463="",F463=""),"",(F463*(1-Ayarlar!$B$6)-(F463*(1-Ayarlar!$B$6)*Ayarlar!$B$7+Ayarlar!$B$8)-(G463*Ayarlar!$B$3+Ayarlar!$B$4+Ayarlar!$B$5))/(F463*(1-Ayarlar!$B$6))) | L463: =IF(G463="","GRAM EKSİK",IF(F463>30000,"FİYAT ŞÜPHELİ",IF(K463<0,"ZARARDA",IF(F463<I463,"RİSKLİ","ok")))) | M463: https://www.etsy.com/listing/1868666012
A464: chains | B464: 14K Yellow Gold Figaro Link Chain / Elegant Everyday Necklac | C464: 1868666012 | D464: C14FIG65-22 | E464: description | F464: 1817 | G464: 12.16 | H464: =IF(G464="","",G464*Ayarlar!$B$3+Ayarlar!$B$4+Ayarlar!$B$5) | I464: =IF(G464="","",ROUNDUP(((G464*Ayarlar!$B$3+Ayarlar!$B$4+Ayarlar!$B$5)+Ayarlar!$B$8)/((1-Ayarlar!$B$6)*(1-Ayarlar!$B$7)),0)) | J464: =IF(G464="","",ROUNDUP(((G464*Ayarlar!$B$3+Ayarlar!$B$4+Ayarlar!$B$5)+Ayarlar!$B$8)/((1-Ayarlar!$B$6)*(1-Ayarlar!$B$7-Ayarlar!$B$9)),0)) | K464: =IF(OR(G464="",F464=""),"",(F464*(1-Ayarlar!$B$6)-(F464*(1-Ayarlar!$B$6)*Ayarlar!$B$7+Ayarlar!$B$8)-(G464*Ayarlar!$B$3+Ayarlar!$B$4+Ayarlar!$B$5))/(F464*(1-Ayarlar!$B$6))) | L464: =IF(G464="","GRAM EKSİK",IF(F464>30000,"FİYAT ŞÜPHELİ",IF(K464<0,"ZARARDA",IF(F464<I464,"RİSKLİ","ok")))) | M464: https://www.etsy.com/listing/1868666012
A465: chains | B465: 14K Yellow Gold Figaro Link Chain / Elegant Everyday Necklac | C465: 1868666012 | D465: C14FIG65-24 | E465: description | F465: 1940 | G465: 13.27 | H465: =IF(G465="","",G465*Ayarlar!$B$3+Ayarlar!$B$4+Ayarlar!$B$5) | I465: =IF(G465="","",ROUNDUP(((G465*Ayarlar!$B$3+Ayarlar!$B$4+Ayarlar!$B$5)+Ayarlar!$B$8)/((1-Ayarlar!$B$6)*(1-Ayarlar!$B$7)),0)) | J465: =IF(G465="","",ROUNDUP(((G465*Ayarlar!$B$3+Ayarlar!$B$4+Ayarlar!$B$5)+Ayarlar!$B$8)/((1-Ayarlar!$B$6)*(1-Ayarlar!$B$7-Ayarlar!$B$9)),0)) | K465: =IF(OR(G465="",F465=""),"",(F465*(1-Ayarlar!$B$6)-(F465*(1-Ayarlar!$B$6)*Ayarlar!$B$7+Ayarlar!$B$8)-(G465*Ayarlar!$B$3+Ayarlar!$B$4+Ayarlar!$B$5))/(F465*(1-Ayarlar!$B$6))) | L465: =IF(G465="","GRAM EKSİK",IF(F465>30000,"FİYAT ŞÜPHELİ",IF(K465<0,"ZARARDA",IF(F465<I465,"RİSKLİ","ok")))) | M465: https://www.etsy.com/listing/1868666012
A466: chains | B466: 14K Yellow Gold Figaro Link Chain / Elegant Everyday Necklac | C466: 1868666012 | D466: C14FIG7-16 | E466: description | F466: 1631 | G466: 10.23 | H466: =IF(G466="","",G466*Ayarlar!$B$3+Ayarlar!$B$4+Ayarlar!$B$5) | I466: =IF(G466="","",ROUNDUP(((G466*Ayarlar!$B$3+Ayarlar!$B$4+Ayarlar!$B$5)+Ayarlar!$B$8)/((1-Ayarlar!$B$6)*(1-Ayarlar!$B$7)),0)) | J466: =IF(G466="","",ROUNDUP(((G466*Ayarlar!$B$3+Ayarlar!$B$4+Ayarlar!$B$5)+Ayarlar!$B$8)/((1-Ayarlar!$B$6)*(1-Ayarlar!$B$7-Ayarlar!$B$9)),0)) | K466: =IF(OR(G466="",F466=""),"",(F466*(1-Ayarlar!$B$6)-(F466*(1-Ayarlar!$B$6)*Ayarlar!$B$7+Ayarlar!$B$8)-(G466*Ayarlar!$B$3+Ayarlar!$B$4+Ayarlar!$B$5))/(F466*(1-Ayarlar!$B$6))) | L466: =IF(G466="","GRAM EKSİK",IF(F466>30000,"FİYAT ŞÜPHELİ",IF(K466<0,"ZARARDA",IF(F466<I466,"RİSKLİ","ok")))) | M466: https://www.etsy.com/listing/1868666012
A467: chains | B467: 14K Yellow Gold Figaro Link Chain / Elegant Everyday Necklac | C467: 1868666012 | D467: C14FIG7-18 | E467: description | F467: 1813 | G467: 11.5 | H467: =IF(G467="","",G467*Ayarlar!$B$3+Ayarlar!$B$4+Ayarlar!$B$5) | I467: =IF(G467="","",ROUNDUP(((G467*Ayarlar!$B$3+Ayarlar!$B$4+Ayarlar!$B$5)+Ayarlar!$B$8)/((1-Ayarlar!$B$6)*(1-Ayarlar!$B$7)),0)) | J467: =IF(G467="","",ROUNDUP(((G467*Ayarlar!$B$3+Ayarlar!$B$4+Ayarlar!$B$5)+Ayarlar!$B$8)/((1-Ayarlar!$B$6)*(1-Ayarlar!$B$7-Ayarlar!$B$9)),0)) | K467: =IF(OR(G467="",F467=""),"",(F467*(1-Ayarlar!$B$6)-(F467*(1-Ayarlar!$B$6)*Ayarlar!$B$7+Ayarlar!$B$8)-(G467*Ayarlar!$B$3+Ayarlar!$B$4+Ayarlar!$B$5))/(F467*(1-Ayarlar!$B$6))) | L467: =IF(G467="","GRAM EKSİK",IF(F467>30000,"FİYAT ŞÜPHELİ",IF(K467<0,"ZARARDA",IF(F467<I467,"RİSKLİ","ok")))) | M467: https://www.etsy.com/listing/1868666012
A468: chains | B468: 14K Yellow Gold Figaro Link Chain / Elegant Everyday Necklac | C468: 1868666012 | D468: C14FIG7-20 | E468: description | F468: 1937 | G468: 12.78 | H468: =IF(G468="","",G468*Ayarlar!$B$3+Ayarlar!$B$4+Ayarlar!$B$5) | I468: =IF(G468="","",ROUNDUP(((G468*Ayarlar!$B$3+Ayarlar!$B$4+Ayarlar!$B$5)+Ayarlar!$B$8)/((1-Ayarlar!$B$6)*(1-Ayarlar!$B$7)),0)) | J468: =IF(G468="","",ROUNDUP(((G468*Ayarlar!$B$3+Ayarlar!$B$4+Ayarlar!$B$5)+Ayarlar!$B$8)/((1-Ayarlar!$B$6)*(1-Ayarlar!$B$7-Ayarlar!$B$9)),0)) | K468: =IF(OR(G468="",F468=""),"",(F468*(1-Ayarlar!$B$6)-(F468*(1-Ayarlar!$B$6)*Ayarlar!$B$7+Ayarlar!$B$8)-(G468*Ayarlar!$B$3+Ayarlar!$B$4+Ayarlar!$B$5))/(F468*(1-Ayarlar!$B$6))) | L468: =IF(G468="","GRAM EKSİK",IF(F468>30000,"FİYAT ŞÜPHELİ",IF(K468<0,"ZARARDA",IF(F468<I468,"RİSKLİ","ok")))) | M468: https://www.etsy.com/listing/1868666012
A469: chains | B469: 14K Yellow Gold Figaro Link Chain / Elegant Everyday Necklac | C469: 1868666012 | D469: C14FIG7-22 | E469: description | F469: 2003 | G469: 14.06 | H469: =IF(G469="","",G469*Ayarlar!$B$3+Ayarlar!$B$4+Ayarlar!$B$5) | I469: =IF(G469="","",ROUNDUP(((G469*Ayarlar!$B$3+Ayarlar!$B$4+Ayarlar!$B$5)+Ayarlar!$B$8)/((1-Ayarlar!$B$6)*(1-Ayarlar!$B$7)),0)) | J469: =IF(G469="","",ROUNDUP(((G469*Ayarlar!$B$3+Ayarlar!$B$4+Ayarlar!$B$5)+Ayarlar!$B$8)/((1-Ayarlar!$B$6)*(1-Ayarlar!$B$7-Ayarlar!$B$9)),0)) | K469: =IF(OR(G469="",F469=""),"",(F469*(1-Ayarlar!$B$6)-(F469*(1-Ayarlar!$B$6)*Ayarlar!$B$7+Ayarlar!$B$8)-(G469*Ayarlar!$B$3+Ayarlar!$B$4+Ayarlar!$B$5))/(F469*(1-Ayarlar!$B$6))) | L469: =IF(G469="","GRAM EKSİK",IF(F469>30000,"FİYAT ŞÜPHELİ",IF(K469<0,"ZARARDA",IF(F469<I469,"RİSKLİ","ok")))) | M469: https://www.etsy.com/listing/1868666012
A470: chains | B470: 14K Yellow Gold Figaro Link Chain / Elegant Everyday Necklac | C470: 1868666012 | D470: C14FIG7-24 | E470: description | F470: 2184 | G470: 15.34 | H470: =IF(G470="","",G470*Ayarlar!$B$3+Ayarlar!$B$4+Ayarlar!$B$5) | I470: =IF(G470="","",ROUNDUP(((G470*Ayarlar!$B$3+Ayarlar!$B$4+Ayarlar!$B$5)+Ayarlar!$B$8)/((1-Ayarlar!$B$6)*(1-Ayarlar!$B$7)),0)) | J470: =IF(G470="","",ROUNDUP(((G470*Ayarlar!$B$3+Ayarlar!$B$4+Ayarlar!$B$5)+Ayarlar!$B$8)/((1-Ayarlar!$B$6)*(1-Ayarlar!$B$7-Ayarlar!$B$9)),0)) | K470: =IF(OR(G470="",F470=""),"",(F470*(1-Ayarlar!$B$6)-(F470*(1-Ayarlar!$B$6)*Ayarlar!$B$7+Ayarlar!$B$8)-(G470*Ayarlar!$B$3+Ayarlar!$B$4+Ayarlar!$B$5))/(F470*(1-Ayarlar!$B$6))) | L470: =IF(G470="","GRAM EKSİK",IF(F470>30000,"FİYAT ŞÜPHELİ",IF(K470<0,"ZARARDA",IF(F470<I470,"RİSKLİ","ok")))) | M470: https://www.etsy.com/listing/1868666012
A471: chains | B471: 14K Yellow Gold Figaro Link Chain / Elegant Everyday Necklac | C471: 1868666012 | D471: C14FIG75-16 | E471: description | F471: 1929 | G471: 11.41 | H471: =IF(G471="","",G471*Ayarlar!$B$3+Ayarlar!$B$4+Ayarlar!$B$5) | I471: =IF(G471="","",ROUNDUP(((G471*Ayarlar!$B$3+Ayarlar!$B$4+Ayarlar!$B$5)+Ayarlar!$B$8)/((1-Ayarlar!$B$6)*(1-Ayarlar!$B$7)),0)) | J471: =IF(G471="","",ROUNDUP(((G471*Ayarlar!$B$3+Ayarlar!$B$4+Ayarlar!$B$5)+Ayarlar!$B$8)/((1-Ayarlar!$B$6)*(1-Ayarlar!$B$7-Ayarlar!$B$9)),0)) | K471: =IF(OR(G471="",F471=""),"",(F471*(1-Ayarlar!$B$6)-(F471*(1-Ayarlar!$B$6)*Ayarlar!$B$7+Ayarlar!$B$8)-(G471*Ayarlar!$B$3+Ayarlar!$B$4+Ayarlar!$B$5))/(F471*(1-Ayarlar!$B$6))) | L471: =IF(G471="","GRAM EKSİK",IF(F471>30000,"FİYAT ŞÜPHELİ",IF(K471<0,"ZARARDA",IF(F471<I471,"RİSKLİ","ok")))) | M471: https://www.etsy.com/listing/1868666012
A472: chains | B472: 14K Yellow Gold Figaro Link Chain / Elegant Everyday Necklac | C472: 1868666012 | D472: C14FIG75-18 | E472: description | F472: 2170 | G472: 12.83 | H472: =IF(G472="","",G472*Ayarlar!$B$3+Ayarlar!$B$4+Ayarlar!$B$5) | I472: =IF(G472="","",ROUNDUP(((G472*Ayarlar!$B$3+Ayarlar!$B$4+Ayarlar!$B$5)+Ayarlar!$B$8)/((1-Ayarlar!$B$6)*(1-Ayarlar!$B$7)),0)) | J472: =IF(G472="","",ROUNDUP(((G472*Ayarlar!$B$3+Ayarlar!$B$4+Ayarlar!$B$5)+Ayarlar!$B$8)/((1-Ayarlar!$B$6)*(1-Ayarlar!$B$7-Ayarlar!$B$9)),0)) | K472: =IF(OR(G472="",F472=""),"",(F472*(1-Ayarlar!$B$6)-(F472*(1-Ayarlar!$B$6)*Ayarlar!$B$7+Ayarlar!$B$8)-(G472*Ayarlar!$B$3+Ayarlar!$B$4+Ayarlar!$B$5))/(F472*(1-Ayarlar!$B$6))) | L472: =IF(G472="","GRAM EKSİK",IF(F472>30000,"FİYAT ŞÜPHELİ",IF(K472<0,"ZARARDA",IF(F472<I472,"RİSKLİ","ok")))) | M472: https://www.etsy.com/listing/1868666012
... A551: chains | B551: Chunky 14K Yellow Gold Rope Bracelet / Unisex Statement Jewe | C551: 4296776011 | D551: BRO8-7.5 | E551: description-scaled | F551: 1791 | G551: 8.11 | H551: =IF(G551="","",G551*Ayarlar!$B$3+Ayarlar!$B$4+Ayarlar!$B$5) | I551: =IF(G551="","",ROUNDUP(((G551*Ayarlar!$B$3+Ayarlar!$B$4+Ayarlar!$B$5)+Ayarlar!$B$8)/((1-Ayarlar!$B$6)*(1-Ayarlar!$B$7)),0)) | J551: =IF(G551="","",ROUNDUP(((G551*Ayarlar!$B$3+Ayarlar!$B$4+Ayarlar!$B$5)+Ayarlar!$B$8)/((1-Ayarlar!$B$6)*(1-Ayarlar!$B$7-Ayarlar!$B$9)),0)) | K551: =IF(OR(G551="",F551=""),"",(F551*(1-Ayarlar!$B$6)-(F551*(1-Ayarlar!$B$6)*Ayarlar!$B$7+Ayarlar!$B$8)-(G551*Ayarlar!$B$3+Ayarlar!$B$4+Ayarlar!$B$5))/(F551*(1-Ayarlar!$B$6))) | L551: =IF(G551="","GRAM EKSİK",IF(F551>30000,"FİYAT ŞÜPHELİ",IF(K551<0,"ZARARDA",IF(F551<I551,"RİSKLİ","ok")))) | M551: https://www.etsy.com/listing/4296776011
A552: chains | B552: Chunky 14K Yellow Gold Rope Bracelet / Unisex Statement Jewe | C552: 4296776011 | D552: BRO8-8 | E552: — | F552: 1857.6 | H552: =IF(G552="","",G552*Ayarlar!$B$3+Ayarlar!$B$4+Ayarlar!$B$5) | I552: =IF(G552="","",ROUNDUP(((G552*Ayarlar!$B$3+Ayarlar!$B$4+Ayarlar!$B$5)+Ayarlar!$B$8)/((1-Ayarlar!$B$6)*(1-Ayarlar!$B$7)),0)) | J552: =IF(G552="","",ROUNDUP(((G552*Ayarlar!$B$3+Ayarlar!$B$4+Ayarlar!$B$5)+Ayarlar!$B$8)/((1-Ayarlar!$B$6)*(1-Ayarlar!$B$7-Ayarlar!$B$9)),0)) | K552: =IF(OR(G552="",F552=""),"",(F552*(1-Ayarlar!$B$6)-(F552*(1-Ayarlar!$B$6)*Ayarlar!$B$7+Ayarlar!$B$8)-(G552*Ayarlar!$B$3+Ayarlar!$B$4+Ayarlar!$B$5))/(F552*(1-Ayarlar!$B$6))) | L552: =IF(G552="","GRAM EKSİK",IF(F552>30000,"FİYAT ŞÜPHELİ",IF(K552<0,"ZARARDA",IF(F552<I552,"RİSKLİ","ok")))) | M552: https://www.etsy.com/listing/4296776011
A553: chains | B553: Chunky 14K Yellow Gold Rope Bracelet / Unisex Statement Jewe | C553: 4296776011 | D553: BRO8-8.5 | E553: description-scaled | F553: 2030 | G553: 9.19 | H553: =IF(G553="","",G553*Ayarlar!$B$3+Ayarlar!$B$4+Ayarlar!$B$5) | I553: =IF(G553="","",ROUNDUP(((G553*Ayarlar!$B$3+Ayarlar!$B$4+Ayarlar!$B$5)+Ayarlar!$B$8)/((1-Ayarlar!$B$6)*(1-Ayarlar!$B$7)),0)) | J553: =IF(G553="","",ROUNDUP(((G553*Ayarlar!$B$3+Ayarlar!$B$4+Ayarlar!$B$5)+Ayarlar!$B$8)/((1-Ayarlar!$B$6)*(1-Ayarlar!$B$7-Ayarlar!$B$9)),0)) | K553: =IF(OR(G553="",F553=""),"",(F553*(1-Ayarlar!$B$6)-(F553*(1-Ayarlar!$B$6)*Ayarlar!$B$7+Ayarlar!$B$8)-(G553*Ayarlar!$B$3+Ayarlar!$B$4+Ayarlar!$B$5))/(F553*(1-Ayarlar!$B$6))) | L553: =IF(G553="","GRAM EKSİK",IF(F553>30000,"FİYAT ŞÜPHELİ",IF(K553<0,"ZARARDA",IF(F553<I553,"RİSKLİ","ok")))) | M553: https://www.etsy.com/listing/4296776011
A554: chains | B554: Chunky 14K Yellow Gold Rope Bracelet / Unisex Statement Jewe | C554: 4296776011 | D554: BRO85-7 | E554: description-scaled | F554: 1827 | G554: 9.1 | H554: =IF(G554="","",G554*Ayarlar!$B$3+Ayarlar!$B$4+Ayarlar!$B$5) | I554: =IF(G554="","",ROUNDUP(((G554*Ayarlar!$B$3+Ayarlar!$B$4+Ayarlar!$B$5)+Ayarlar!$B$8)/((1-Ayarlar!$B$6)*(1-Ayarlar!$B$7)),0)) | J554: =IF(G554="","",ROUNDUP(((G554*Ayarlar!$B$3+Ayarlar!$B$4+Ayarlar!$B$5)+Ayarlar!$B$8)/((1-Ayarlar!$B$6)*(1-Ayarlar!$B$7-Ayarlar!$B$9)),0)) | K554: =IF(OR(G554="",F554=""),"",(F554*(1-Ayarlar!$B$6)-(F554*(1-Ayarlar!$B$6)*Ayarlar!$B$7+Ayarlar!$B$8)-(G554*Ayarlar!$B$3+Ayarlar!$B$4+Ayarlar!$B$5))/(F554*(1-Ayarlar!$B$6))) | L554: =IF(G554="","GRAM EKSİK",IF(F554>30000,"FİYAT ŞÜPHELİ",IF(K554<0,"ZARARDA",IF(F554<I554,"RİSKLİ","ok")))) | M554: https://www.etsy.com/listing/4296776011
A555: chains | B555: Chunky 14K Yellow Gold Rope Bracelet / Unisex Statement Jewe | C555: 4296776011 | D555: BRO85-7.5 | E555: description-scaled | F555: 1889 | G555: 9.75 | H555: =IF(G555="","",G555*Ayarlar!$B$3+Ayarlar!$B$4+Ayarlar!$B$5) | I555: =IF(G555="","",ROUNDUP(((G555*Ayarlar!$B$3+Ayarlar!$B$4+Ayarlar!$B$5)+Ayarlar!$B$8)/((1-Ayarlar!$B$6)*(1-Ayarlar!$B$7)),0)) | J555: =IF(G555="","",ROUNDUP(((G555*Ayarlar!$B$3+Ayarlar!$B$4+Ayarlar!$B$5)+Ayarlar!$B$8)/((1-Ayarlar!$B$6)*(1-Ayarlar!$B$7-Ayarlar!$B$9)),0)) | K555: =IF(OR(G555="",F555=""),"",(F555*(1-Ayarlar!$B$6)-(F555*(1-Ayarlar!$B$6)*Ayarlar!$B$7+Ayarlar!$B$8)-(G555*Ayarlar!$B$3+Ayarlar!$B$4+Ayarlar!$B$5))/(F555*(1-Ayarlar!$B$6))) | L555: =IF(G555="","GRAM EKSİK",IF(F555>30000,"FİYAT ŞÜPHELİ",IF(K555<0,"ZARARDA",IF(F555<I555,"RİSKLİ","ok")))) | M555: https://www.etsy.com/listing/4296776011
A556: chains | B556: Chunky 14K Yellow Gold Rope Bracelet / Unisex Statement Jewe | C556: 4296776011 | D556: BRO85-8 | E556: description | F556: 2009 | G556: 10.4 | H556: =IF(G556="","",G556*Ayarlar!$B$3+Ayarlar!$B$4+Ayarlar!$B$5) | I556: =IF(G556="","",ROUNDUP(((G556*Ayarlar!$B$3+Ayarlar!$B$4+Ayarlar!$B$5)+Ayarlar!$B$8)/((1-Ayarlar!$B$6)*(1-Ayarlar!$B$7)),0)) | J556: =IF(G556="","",ROUNDUP(((G556*Ayarlar!$B$3+Ayarlar!$B$4+Ayarlar!$B$5)+Ayarlar!$B$8)/((1-Ayarlar!$B$6)*(1-Ayarlar!$B$7-Ayarlar!$B$9)),0)) | K556: =IF(OR(G556="",F556=""),"",(F556*(1-Ayarlar!$B$6)-(F556*(1-Ayarlar!$B$6)*Ayarlar!$B$7+Ayarlar!$B$8)-(G556*Ayarlar!$B$3+Ayarlar!$B$4+Ayarlar!$B$5))/(F556*(1-Ayarlar!$B$6))) | L556: =IF(G556="","GRAM EKSİK",IF(F556>30000,"FİYAT ŞÜPHELİ",IF(K556<0,"ZARARDA",IF(F556<I556,"RİSKLİ","ok")))) | M556: https://www.etsy.com/listing/4296776011
A557: chains | B557: Chunky 14K Yellow Gold Rope Bracelet / Unisex Statement Jewe | C557: 4296776011 | D557: BRO85-8.5 | E557: — | F557: 2031.75 | H557: =IF(G557="","",G557*Ayarlar!$B$3+Ayarlar!$B$4+Ayarlar!$B$5) | I557: =IF(G557="","",ROUNDUP(((G557*Ayarlar!$B$3+Ayarlar!$B$4+Ayarlar!$B$5)+Ayarlar!$B$8)/((1-Ayarlar!$B$6)*(1-Ayarlar!$B$7)),0)) | J557: =IF(G557="","",ROUNDUP(((G557*Ayarlar!$B$3+Ayarlar!$B$4+Ayarlar!$B$5)+Ayarlar!$B$8)/((1-Ayarlar!$B$6)*(1-Ayarlar!$B$7-Ayarlar!$B$9)),0)) | K557: =IF(OR(G557="",F557=""),"",(F557*(1-Ayarlar!$B$6)-(F557*(1-Ayarlar!$B$6)*Ayarlar!$B$7+Ayarlar!$B$8)-(G557*Ayarlar!$B$3+Ayarlar!$B$4+Ayarlar!$B$5))/(F557*(1-Ayarlar!$B$6))) | L557: =IF(G557="","GRAM EKSİK",IF(F557>30000,"FİYAT ŞÜPHELİ",IF(K557<0,"ZARARDA",IF(F557<I557,"RİSKLİ","ok")))) | M557: https://www.etsy.com/listing/4296776011
A558: earrings | B558: 10K Gold Diamond Cut Hoop Earrings / Shiny Yellow Gold | C558: 1215771723 | D558: EH6-25 | E558: description | F558: 222 | G558: 1.55 | H558: =IF(G558="","",G558*Ayarlar!$B$3+Ayarlar!$B$4+Ayarlar!$B$5) | I558: =IF(G558="","",ROUNDUP(((G558*Ayarlar!$B$3+Ayarlar!$B$4+Ayarlar!$B$5)+Ayarlar!$B$8)/((1-Ayarlar!$B$6)*(1-Ayarlar!$B$7)),0)) | J558: =IF(G558="","",ROUNDUP(((G558*Ayarlar!$B$3+Ayarlar!$B$4+Ayarlar!$B$5)+Ayarlar!$B$8)/((1-Ayarlar!$B$6)*(1-Ayarlar!$B$7-Ayarlar!$B$9)),0)) | K558: =IF(OR(G558="",F558=""),"",(F558*(1-Ayarlar!$B$6)-(F558*(1-Ayarlar!$B$6)*Ayarlar!$B$7+Ayarlar!$B$8)-(G558*Ayarlar!$B$3+Ayarlar!$B$4+Ayarlar!$B$5))/(F558*(1-Ayarlar!$B$6))) | L558: =IF(G558="","GRAM EKSİK",IF(F558>30000,"FİYAT ŞÜPHELİ",IF(K558<0,"ZARARDA",IF(F558<I558,"RİSKLİ","ok")))) | M558: https://www.etsy.com/listing/1215771723
A559: earrings | B559: 10K Gold Diamond Cut Hoop Earrings / Shiny Yellow Gold | C559: 1215771723 | D559: EH6-30 | E559: description | F559: 256 | G559: 1.85 | H559: =IF(G559="","",G559*Ayarlar!$B$3+Ayarlar!$B$4+Ayarlar!$B$5) | I559: =IF(G559="","",ROUNDUP(((G559*Ayarlar!$B$3+Ayarlar!$B$4+Ayarlar!$B$5)+Ayarlar!$B$8)/((1-Ayarlar!$B$6)*(1-Ayarlar!$B$7)),0)) | J559: =IF(G559="","",ROUNDUP(((G559*Ayarlar!$B$3+Ayarlar!$B$4+Ayarlar!$B$5)+Ayarlar!$B$8)/((1-Ayarlar!$B$6)*(1-Ayarlar!$B$7-Ayarlar!$B$9)),0)) | K559: =IF(OR(G559="",F559=""),"",(F559*(1-Ayarlar!$B$6)-(F559*(1-Ayarlar!$B$6)*Ayarlar!$B$7+Ayarlar!$B$8)-(G559*Ayarlar!$B$3+Ayarlar!$B$4+Ayarlar!$B$5))/(F559*(1-Ayarlar!$B$6))) | L559: =IF(G559="","GRAM EKSİK",IF(F559>30000,"FİYAT ŞÜPHELİ",IF(K559<0,"ZARARDA",IF(F559<I559,"RİSKLİ","ok")))) | M559: https://www.etsy.com/listing/1215771723
A560: earrings | B560: 10K Gold Diamond Cut Hoop Earrings / Shiny Yellow Gold | C560: 1215771723 | D560: EH6-35 | E560: description | F560: 272 | G560: 2.05 | H560: =IF(G560="","",G560*Ayarlar!$B$3+Ayarlar!$B$4+Ayarlar!$B$5) | I560: =IF(G560="","",ROUNDUP(((G560*Ayarlar!$B$3+Ayarlar!$B$4+Ayarlar!$B$5)+Ayarlar!$B$8)/((1-Ayarlar!$B$6)*(1-Ayarlar!$B$7)),0)) | J560: =IF(G560="","",ROUNDUP(((G560*Ayarlar!$B$3+Ayarlar!$B$4+Ayarlar!$B$5)+Ayarlar!$B$8)/((1-Ayarlar!$B$6)*(1-Ayarlar!$B$7-Ayarlar!$B$9)),0)) | K560: =IF(OR(G560="",F560=""),"",(F560*(1-Ayarlar!$B$6)-(F560*(1-Ayarlar!$B$6)*Ayarlar!$B$7+Ayarlar!$B$8)-(G560*Ayarlar!$B$3+Ayarlar!$B$4+Ayarlar!$B$5))/(F560*(1-Ayarlar!$B$6))) | L560: =IF(G560="","GRAM EKSİK",IF(F560>30000,"FİYAT ŞÜPHELİ",IF(K560<0,"ZARARDA",IF(F560<I560,"RİSKLİ","ok")))) | M560: https://www.etsy.com/listing/1215771723
A561: earrings | B561: 10K Gold Diamond Cut Hoop Earrings / Shiny Yellow Gold | C561: 1215771723 | D561: EH6-40 | E561: shipstation | F561: 323 | G561: 2.36 | H561: =IF(G561="","",G561*Ayarlar!$B$3+Ayarlar!$B$4+Ayarlar!$B$5) | I561: =IF(G561="","",ROUNDUP(((G561*Ayarlar!$B$3+Ayarlar!$B$4+Ayarlar!$B$5)+Ayarlar!$B$8)/((1-Ayarlar!$B$6)*(1-Ayarlar!$B$7)),0)) | J561: =IF(G561="","",ROUNDUP(((G561*Ayarlar!$B$3+Ayarlar!$B$4+Ayarlar!$B$5)+Ayarlar!$B$8)/((1-Ayarlar!$B$6)*(1-Ayarlar!$B$7-Ayarlar!$B$9)),0)) | K561: =IF(OR(G561="",F561=""),"",(F561*(1-Ayarlar!$B$6)-(F561*(1-Ayarlar!$B$6)*Ayarlar!$B$7+Ayarlar!$B$8)-(G561*Ayarlar!$B$3+Ayarlar!$B$4+Ayarlar!$B$5))/(F561*(1-Ayarlar!$B$6))) | L561: =IF(G561="","GRAM EKSİK",IF(F561>30000,"FİYAT ŞÜPHELİ",IF(K561<0,"ZARARDA",IF(F561<I561,"RİSKLİ","ok")))) | M561: https://www.etsy.com/listing/1215771723
A562: earrings | B562: 10K Gold Diamond Cut Hoop Earrings / Shiny Yellow Gold | C562: 1215771723 | D562: EH6-50 | E562: description | F562: 361 | G562: 2.9 | H562: =IF(G562="","",G562*Ayarlar!$B$3+Ayarlar!$B$4+Ayarlar!$B$5) | I562: =IF(G562="","",ROUNDUP(((G562*Ayarlar!$B$3+Ayarlar!$B$4+Ayarlar!$B$5)+Ayarlar!$B$8)/((1-Ayarlar!$B$6)*(1-Ayarlar!$B$7)),0)) | J562: =IF(G562="","",ROUNDUP(((G562*Ayarlar!$B$3+Ayarlar!$B$4+Ayarlar!$B$5)+Ayarlar!$B$8)/((1-Ayarlar!$B$6)*(1-Ayarlar!$B$7-Ayarlar!$B$9)),0)) | K562: =IF(OR(G562="",F562=""),"",(F562*(1-Ayarlar!$B$6)-(F562*(1-Ayarlar!$B$6)*Ayarlar!$B$7+Ayarlar!$B$8)-(G562*Ayarlar!$B$3+Ayarlar!$B$4+Ayarlar!$B$5))/(F562*(1-Ayarlar!$B$6))) | L562: =IF(G562="","GRAM EKSİK",IF(F562>30000,"FİYAT ŞÜPHELİ",IF(K562<0,"ZARARDA",IF(F562<I562,"RİSKLİ","ok")))) | M562: https://www.etsy.com/listing/1215771723
A563: earrings | B563: 10K Gold Diamond Cut Hoop Earrings / Shiny Yellow Gold | C563: 1215771723 | D563: EH6-60 | E563: description-scaled | F563: 440 | G563: 3.54 | H563: =IF(G563="","",G563*Ayarlar!$B$3+Ayarlar!$B$4+Ayarlar!$B$5) | I563: =IF(G563="","",ROUNDUP(((G563*Ayarlar!$B$3+Ayarlar!$B$4+Ayarlar!$B$5)+Ayarlar!$B$8)/((1-Ayarlar!$B$6)*(1-Ayarlar!$B$7)),0)) | J563: =IF(G563="","",ROUNDUP(((G563*Ayarlar!$B$3+Ayarlar!$B$4+Ayarlar!$B$5)+Ayarlar!$B$8)/((1-Ayarlar!$B$6)*(1-Ayarlar!$B$7-Ayarlar!$B$9)),0)) | K563: =IF(OR(G563="",F563=""),"",(F563*(1-Ayarlar!$B$6)-(F563*(1-Ayarlar!$B$6)*Ayarlar!$B$7+Ayarlar!$B$8)-(G563*Ayarlar!$B$3+Ayarlar!$B$4+Ayarlar!$B$5))/(F563*(1-Ayarlar!$B$6))) | L563: =IF(G563="","GRAM EKSİK",IF(F563>30000,"FİYAT ŞÜPHELİ",IF(K563<0,"ZARARDA",IF(F563<I563,"RİSKLİ","ok")))) | M563: https://www.etsy.com/listing/1215771723
A564: earrings | B564: 10K Gold Diamond Cut Hoop Earrings / Shiny Yellow Gold | C564: 1215771723 | D564: EH6-70 | E564: description | F564: 502 | G564: 4.16 | H564: =IF(G564="","",G564*Ayarlar!$B$3+Ayarlar!$B$4+Ayarlar!$B$5) | I564: =IF(G564="","",ROUNDUP(((G564*Ayarlar!$B$3+Ayarlar!$B$4+Ayarlar!$B$5)+Ayarlar!$B$8)/((1-Ayarlar!$B$6)*(1-Ayarlar!$B$7)),0)) | J564: =IF(G564="","",ROUNDUP(((G564*Ayarlar!$B$3+Ayarlar!$B$4+Ayarlar!$B$5)+Ayarlar!$B$8)/((1-Ayarlar!$B$6)*(1-Ayarlar!$B$7-Ayarlar!$B$9)),0)) | K564: =IF(OR(G564="",F564=""),"",(F564*(1-Ayarlar!$B$6)-(F564*(1-Ayarlar!$B$6)*Ayarlar!$B$7+Ayarlar!$B$8)-(G564*Ayarlar!$B$3+Ayarlar!$B$4+Ayarlar!$B$5))/(F564*(1-Ayarlar!$B$6))) | L564: =IF(G564="","GRAM EKSİK",IF(F564>30000,"FİYAT ŞÜPHELİ",IF(K564<0,"ZARARDA",IF(F564<I564,"RİSKLİ","ok")))) | M564: https://www.etsy.com/listing/1215771723
A565: earrings | B565: 10K Gold Earrings, Graduated Yellow Hoop with Diamond Cut | C565: 1481715945 | D565: EGRH1-20 | E565: shipstation | F565: 179 | G565: 1.5 | H565: =IF(G565="","",G565*Ayarlar!$B$3+Ayarlar!$B$4+Ayarlar!$B$5) | I565: =IF(G565="","",ROUNDUP(((G565*Ayarlar!$B$3+Ayarlar!$B$4+Ayarlar!$B$5)+Ayarlar!$B$8)/((1-Ayarlar!$B$6)*(1-Ayarlar!$B$7)),0)) | J565: =IF(G565="","",ROUNDUP(((G565*Ayarlar!$B$3+Ayarlar!$B$4+Ayarlar!$B$5)+Ayarlar!$B$8)/((1-Ayarlar!$B$6)*(1-Ayarlar!$B$7-Ayarlar!$B$9)),0)) | K565: =IF(OR(G565="",F565=""),"",(F565*(1-Ayarlar!$B$6)-(F565*(1-Ayarlar!$B$6)*Ayarlar!$B$7+Ayarlar!$B$8)-(G565*Ayarlar!$B$3+Ayarlar!$B$4+Ayarlar!$B$5))/(F565*(1-Ayarlar!$B$6))) | L565: =IF(G565="","GRAM EKSİK",IF(F565>30000,"FİYAT ŞÜPHELİ",IF(K565<0,"ZARARDA",IF(F565<I565,"RİSKLİ","ok")))) | M565: https://www.etsy.com/listing/1481715945
A566: earrings | B566: 10K Gold Earrings, Graduated Yellow Hoop with Diamond Cut | C566: 1481715945 | D566: EGRH1-28 | E566: shipstation | F566: 323 | G566: 2.54 | H566: =IF(G566="","",G566*Ayarlar!$B$3+Ayarlar!$B$4+Ayarlar!$B$5) | I566: =IF(G566="","",ROUNDUP(((G566*Ayarlar!$B$3+Ayarlar!$B$4+Ayarlar!$B$5)+Ayarlar!$B$8)/((1-Ayarlar!$B$6)*(1-Ayarlar!$B$7)),0)) | J566: =IF(G566="","",ROUNDUP(((G566*Ayarlar!$B$3+Ayarlar!$B$4+Ayarlar!$B$5)+Ayarlar!$B$8)/((1-Ayarlar!$B$6)*(1-Ayarlar!$B$7-Ayarlar!$B$9)),0)) | K566: =IF(OR(G566="",F566=""),"",(F566*(1-Ayarlar!$B$6)-(F566*(1-Ayarlar!$B$6)*Ayarlar!$B$7+Ayarlar!$B$8)-(G566*Ayarlar!$B$3+Ayarlar!$B$4+Ayarlar!$B$5))/(F566*(1-Ayarlar!$B$6))) | L566: =IF(G566="","GRAM EKSİK",IF(F566>30000,"FİYAT ŞÜPHELİ",IF(K566<0,"ZARARDA",IF(F566<I566,"RİSKLİ","ok")))) | M566: https://www.etsy.com/listing/1481715945
A567: earrings | B567: 10K Gold Earrings, Graduated Yellow Hoop with Diamond Cut | C567: 1481715945 | D567: EGRH1-32 | E567: shipstation | F567: 391 | G567: 3.29 | H567: =IF(G567="","",G567*Ayarlar!$B$3+Ayarlar!$B$4+Ayarlar!$B$5) | I567: =IF(G567="","",ROUNDUP(((G567*Ayarlar!$B$3+Ayarlar!$B$4+Ayarlar!$B$5)+Ayarlar!$B$8)/((1-Ayarlar!$B$6)*(1-Ayarlar!$B$7)),0)) | J567: =IF(G567="","",ROUNDUP(((G567*Ayarlar!$B$3+Ayarlar!$B$4+Ayarlar!$B$5)+Ayarlar!$B$8)/((1-Ayarlar!$B$6)*(1-Ayarlar!$B$7-Ayarlar!$B$9)),0)) | K567: =IF(OR(G567="",F567=""),"",(F567*(1-Ayarlar!$B$6)-(F567*(1-Ayarlar!$B$6)*Ayarlar!$B$7+Ayarlar!$B$8)-(G567*Ayarlar!$B$3+Ayarlar!$B$4+Ayarlar!$B$5))/(F567*(1-Ayarlar!$B$6))) | L567: =IF(G567="","GRAM EKSİK",IF(F567>30000,"FİYAT ŞÜPHELİ",IF(K567<0,"ZARARDA",IF(F567<I567,"RİSKLİ","ok")))) | M567: https://www.etsy.com/listing/1481715945
A568: earrings | B568: 10K Gold Earrings, Graduated Yellow Hoop with Diamond Cut | C568: 1481715945 | D568: EGRH1-40 | E568: description | F568: 560 | G568: 4.95 | H568: =IF(G568="","",G568*Ayarlar!$B$3+Ayarlar!$B$4+Ayarlar!$B$5) | I568: =IF(G568="","",ROUNDUP(((G568*Ayarlar!$B$3+Ayarlar!$B$4+Ayarlar!$B$5)+Ayarlar!$B$8)/((1-Ayarlar!$B$6)*(1-Ayarlar!$B$7)),0)) | J568: =IF(G568="","",ROUNDUP(((G568*Ayarlar!$B$3+Ayarlar!$B$4+Ayarlar!$B$5)+Ayarlar!$B$8)/((1-Ayarlar!$B$6)*(1-Ayarlar!$B$7-Ayarlar!$B$9)),0)) | K568: =IF(OR(G568="",F568=""),"",(F568*(1-Ayarlar!$B$6)-(F568*(1-Ayarlar!$B$6)*Ayarlar!$B$7+Ayarlar!$B$8)-(G568*Ayarlar!$B$3+Ayarlar!$B$4+Ayarlar!$B$5))/(F568*(1-Ayarlar!$B$6))) | L568: =IF(G568="","GRAM EKSİK",IF(F568>30000,"FİYAT ŞÜPHELİ",IF(K568<0,"ZARARDA",IF(F568<I568,"RİSKLİ","ok")))) | M568: https://www.etsy.com/listing/1481715945
A569: earrings | B569: 10K Gold Earrings, Graduated Yellow Hoop with Diamond Cut | C569: 1481715945 | D569: EGRH1-52 | E569: description | F569: 893 | G569: 7.45 | H569: =IF(G569="","",G569*Ayarlar!$B$3+Ayarlar!$B$4+Ayarlar!$B$5) | I569: =IF(G569="","",ROUNDUP(((G569*Ayarlar!$B$3+Ayarlar!$B$4+Ayarlar!$B$5)+Ayarlar!$B$8)/((1-Ayarlar!$B$6)*(1-Ayarlar!$B$7)),0)) | J569: =IF(G569="","",ROUNDUP(((G569*Ayarlar!$B$3+Ayarlar!$B$4+Ayarlar!$B$5)+Ayarlar!$B$8)/((1-Ayarlar!$B$6)*(1-Ayarlar!$B$7-Ayarlar!$B$9)),0)) | K569: =IF(OR(G569="",F569=""),"",(F569*(1-Ayarlar!$B$6)-(F569*(1-Ayarlar!$B$6)*Ayarlar!$B$7+Ayarlar!$B$8)-(G569*Ayarlar!$B$3+Ayarlar!$B$4+Ayarlar!$B$5))/(F569*(1-Ayarlar!$B$6))) | L569: =IF(G569="","GRAM EKSİK",IF(F569>30000,"FİYAT ŞÜPHELİ",IF(K569<0,"ZARARDA",IF(F569<I569,"RİSKLİ","ok")))) | M569: https://www.etsy.com/listing/1481715945
... A576: earrings | B576: 10K Gold Earrings, Large Diamond Cut Bamboo Hoops in Yellow | C576: 1469384188 | D576: EBAM1-70 | E576: description | F576: 1117 | G576: 9.45 | H576: =IF(G576="","",G576*Ayarlar!$B$3+Ayarlar!$B$4+Ayarlar!$B$5) | I576: =IF(G576="","",ROUNDUP(((G576*Ayarlar!$B$3+Ayarlar!$B$4+Ayarlar!$B$5)+Ayarlar!$B$8)/((1-Ayarlar!$B$6)*(1-Ayarlar!$B$7)),0)) | J576: =IF(G576="","",ROUNDUP(((G576*Ayarlar!$B$3+Ayarlar!$B$4+Ayarlar!$B$5)+Ayarlar!$B$8)/((1-Ayarlar!$B$6)*(1-Ayarlar!$B$7-Ayarlar!$B$9)),0)) | K576: =IF(OR(G576="",F576=""),"",(F576*(1-Ayarlar!$B$6)-(F576*(1-Ayarlar!$B$6)*Ayarlar!$B$7+Ayarlar!$B$8)-(G576*Ayarlar!$B$3+Ayarlar!$B$4+Ayarlar!$B$5))/(F576*(1-Ayarlar!$B$6))) | L576: =IF(G576="","GRAM EKSİK",IF(F576>30000,"FİYAT ŞÜPHELİ",IF(K576<0,"ZARARDA",IF(F576<I576,"RİSKLİ","ok")))) | M576: https://www.etsy.com/listing/1469384188
A577: earrings | B577: 10K Gold Small Hoop Earrings / Shiny Polished Finish | C577: 1205110402 | D577: EH1-15 | E577: — | F577: 75.24 | H577: =IF(G577="","",G577*Ayarlar!$B$3+Ayarlar!$B$4+Ayarlar!$B$5) | I577: =IF(G577="","",ROUNDUP(((G577*Ayarlar!$B$3+Ayarlar!$B$4+Ayarlar!$B$5)+Ayarlar!$B$8)/((1-Ayarlar!$B$6)*(1-Ayarlar!$B$7)),0)) | J577: =IF(G577="","",ROUNDUP(((G577*Ayarlar!$B$3+Ayarlar!$B$4+Ayarlar!$B$5)+Ayarlar!$B$8)/((1-Ayarlar!$B$6)*(1-Ayarlar!$B$7-Ayarlar!$B$9)),0)) | K577: =IF(OR(G577="",F577=""),"",(F577*(1-Ayarlar!$B$6)-(F577*(1-Ayarlar!$B$6)*Ayarlar!$B$7+Ayarlar!$B$8)-(G577*Ayarlar!$B$3+Ayarlar!$B$4+Ayarlar!$B$5))/(F577*(1-Ayarlar!$B$6))) | L577: =IF(G577="","GRAM EKSİK",IF(F577>30000,"FİYAT ŞÜPHELİ",IF(K577<0,"ZARARDA",IF(F577<I577,"RİSKLİ","ok")))) | M577: https://www.etsy.com/listing/1205110402
A578: earrings | B578: 10K Gold Small Hoop Earrings / Shiny Polished Finish | C578: 1205110402 | D578: EH1-19 | E578: description | F578: 156 | G578: 1.23 | H578: =IF(G578="","",G578*Ayarlar!$B$3+Ayarlar!$B$4+Ayarlar!$B$5) | I578: =IF(G578="","",ROUNDUP(((G578*Ayarlar!$B$3+Ayarlar!$B$4+Ayarlar!$B$5)+Ayarlar!$B$8)/((1-Ayarlar!$B$6)*(1-Ayarlar!$B$7)),0)) | J578: =IF(G578="","",ROUNDUP(((G578*Ayarlar!$B$3+Ayarlar!$B$4+Ayarlar!$B$5)+Ayarlar!$B$8)/((1-Ayarlar!$B$6)*(1-Ayarlar!$B$7-Ayarlar!$B$9)),0)) | K578: =IF(OR(G578="",F578=""),"",(F578*(1-Ayarlar!$B$6)-(F578*(1-Ayarlar!$B$6)*Ayarlar!$B$7+Ayarlar!$B$8)-(G578*Ayarlar!$B$3+Ayarlar!$B$4+Ayarlar!$B$5))/(F578*(1-Ayarlar!$B$6))) | L578: =IF(G578="","GRAM EKSİK",IF(F578>30000,"FİYAT ŞÜPHELİ",IF(K578<0,"ZARARDA",IF(F578<I578,"RİSKLİ","ok")))) | M578: https://www.etsy.com/listing/1205110402
A579: earrings | B579: 10K Gold Small Hoop Earrings / Shiny Polished Finish | C579: 1205110402 | D579: EH1-25 | E579: description | F579: 224 | G579: 1.94 | H579: =IF(G579="","",G579*Ayarlar!$B$3+Ayarlar!$B$4+Ayarlar!$B$5) | I579: =IF(G579="","",ROUNDUP(((G579*Ayarlar!$B$3+Ayarlar!$B$4+Ayarlar!$B$5)+Ayarlar!$B$8)/((1-Ayarlar!$B$6)*(1-Ayarlar!$B$7)),0)) | J579: =IF(G579="","",ROUNDUP(((G579*Ayarlar!$B$3+Ayarlar!$B$4+Ayarlar!$B$5)+Ayarlar!$B$8)/((1-Ayarlar!$B$6)*(1-Ayarlar!$B$7-Ayarlar!$B$9)),0)) | K579: =IF(OR(G579="",F579=""),"",(F579*(1-Ayarlar!$B$6)-(F579*(1-Ayarlar!$B$6)*Ayarlar!$B$7+Ayarlar!$B$8)-(G579*Ayarlar!$B$3+Ayarlar!$B$4+Ayarlar!$B$5))/(F579*(1-Ayarlar!$B$6))) | L579: =IF(G579="","GRAM EKSİK",IF(F579>30000,"FİYAT ŞÜPHELİ",IF(K579<0,"ZARARDA",IF(F579<I579,"RİSKLİ","ok")))) | M579: https://www.etsy.com/listing/1205110402
A580: earrings | B580: 10K Gold Small Hoop Earrings / Shiny Polished Finish | C580: 1205110402 | D580: EH1-30 | E580: description | F580: 279 | G580: 2.2 | H580: =IF(G580="","",G580*Ayarlar!$B$3+Ayarlar!$B$4+Ayarlar!$B$5) | I580: =IF(G580="","",ROUNDUP(((G580*Ayarlar!$B$3+Ayarlar!$B$4+Ayarlar!$B$5)+Ayarlar!$B$8)/((1-Ayarlar!$B$6)*(1-Ayarlar!$B$7)),0)) | J580: =IF(G580="","",ROUNDUP(((G580*Ayarlar!$B$3+Ayarlar!$B$4+Ayarlar!$B$5)+Ayarlar!$B$8)/((1-Ayarlar!$B$6)*(1-Ayarlar!$B$7-Ayarlar!$B$9)),0)) | K580: =IF(OR(G580="",F580=""),"",(F580*(1-Ayarlar!$B$6)-(F580*(1-Ayarlar!$B$6)*Ayarlar!$B$7+Ayarlar!$B$8)-(G580*Ayarlar!$B$3+Ayarlar!$B$4+Ayarlar!$B$5))/(F580*(1-Ayarlar!$B$6))) | L580: =IF(G580="","GRAM EKSİK",IF(F580>30000,"FİYAT ŞÜPHELİ",IF(K580<0,"ZARARDA",IF(F580<I580,"RİSKLİ","ok")))) | M580: https://www.etsy.com/listing/1205110402
A581: earrings | B581: 10K Gold Small Hoop Earrings / Shiny Polished Finish | C581: 1205110402 | D581: EH1-35 | E581: description | F581: 363 | G581: 3.05 | H581: =IF(G581="","",G581*Ayarlar!$B$3+Ayarlar!$B$4+Ayarlar!$B$5) | I581: =IF(G581="","",ROUNDUP(((G581*Ayarlar!$B$3+Ayarlar!$B$4+Ayarlar!$B$5)+Ayarlar!$B$8)/((1-Ayarlar!$B$6)*(1-Ayarlar!$B$7)),0)) | J581: =IF(G581="","",ROUNDUP(((G581*Ayarlar!$B$3+Ayarlar!$B$4+Ayarlar!$B$5)+Ayarlar!$B$8)/((1-Ayarlar!$B$6)*(1-Ayarlar!$B$7-Ayarlar!$B$9)),0)) | K581: =IF(OR(G581="",F581=""),"",(F581*(1-Ayarlar!$B$6)-(F581*(1-Ayarlar!$B$6)*Ayarlar!$B$7+Ayarlar!$B$8)-(G581*Ayarlar!$B$3+Ayarlar!$B$4+Ayarlar!$B$5))/(F581*(1-Ayarlar!$B$6))) | L581: =IF(G581="","GRAM EKSİK",IF(F581>30000,"FİYAT ŞÜPHELİ",IF(K581<0,"ZARARDA",IF(F581<I581,"RİSKLİ","ok")))) | M581: https://www.etsy.com/listing/1205110402
A582: earrings | B582: 10K Gold Small Hoop Earrings / Shiny Polished Finish | C582: 1205110402 | D582: EH1-37 | E582: description | F582: 390 | G582: 3 | H582: =IF(G582="","",G582*Ayarlar!$B$3+Ayarlar!$B$4+Ayarlar!$B$5) | I582: =IF(G582="","",ROUNDUP(((G582*Ayarlar!$B$3+Ayarlar!$B$4+Ayarlar!$B$5)+Ayarlar!$B$8)/((1-Ayarlar!$B$6)*(1-Ayarlar!$B$7)),0)) | J582: =IF(G582="","",ROUNDUP(((G582*Ayarlar!$B$3+Ayarlar!$B$4+Ayarlar!$B$5)+Ayarlar!$B$8)/((1-Ayarlar!$B$6)*(1-Ayarlar!$B$7-Ayarlar!$B$9)),0)) | K582: =IF(OR(G582="",F582=""),"",(F582*(1-Ayarlar!$B$6)-(F582*(1-Ayarlar!$B$6)*Ayarlar!$B$7+Ayarlar!$B$8)-(G582*Ayarlar!$B$3+Ayarlar!$B$4+Ayarlar!$B$5))/(F582*(1-Ayarlar!$B$6))) | L582: =IF(G582="","GRAM EKSİK",IF(F582>30000,"FİYAT ŞÜPHELİ",IF(K582<0,"ZARARDA",IF(F582<I582,"RİSKLİ","ok")))) | M582: https://www.etsy.com/listing/1205110402
A583: earrings | B583: 10K Solid Gold Nugget Stud Earrings, Diamond Cut | C583: 1475151914 | D583: ENUG-1 | E583: shipstation | F583: 145 | G583: 1.2 | H583: =IF(G583="","",G583*Ayarlar!$B$3+Ayarlar!$B$4+Ayarlar!$B$5) | I583: =IF(G583="","",ROUNDUP(((G583*Ayarlar!$B$3+Ayarlar!$B$4+Ayarlar!$B$5)+Ayarlar!$B$8)/((1-Ayarlar!$B$6)*(1-Ayarlar!$B$7)),0)) | J583: =IF(G583="","",ROUNDUP(((G583*Ayarlar!$B$3+Ayarlar!$B$4+Ayarlar!$B$5)+Ayarlar!$B$8)/((1-Ayarlar!$B$6)*(1-Ayarlar!$B$7-Ayarlar!$B$9)),0)) | K583: =IF(OR(G583="",F583=""),"",(F583*(1-Ayarlar!$B$6)-(F583*(1-Ayarlar!$B$6)*Ayarlar!$B$7+Ayarlar!$B$8)-(G583*Ayarlar!$B$3+Ayarlar!$B$4+Ayarlar!$B$5))/(F583*(1-Ayarlar!$B$6))) | L583: =IF(G583="","GRAM EKSİK",IF(F583>30000,"FİYAT ŞÜPHELİ",IF(K583<0,"ZARARDA",IF(F583<I583,"RİSKLİ","ok")))) | M583: https://www.etsy.com/listing/1475151914
A584: earrings | B584: 10K Solid Gold Nugget Stud Earrings, Diamond Cut | C584: 1475151914 | D584: ENUG-2 | E584: — | F584: 161.25 | H584: =IF(G584="","",G584*Ayarlar!$B$3+Ayarlar!$B$4+Ayarlar!$B$5) | I584: =IF(G584="","",ROUNDUP(((G584*Ayarlar!$B$3+Ayarlar!$B$4+Ayarlar!$B$5)+Ayarlar!$B$8)/((1-Ayarlar!$B$6)*(1-Ayarlar!$B$7)),0)) | J584: =IF(G584="","",ROUNDUP(((G584*Ayarlar!$B$3+Ayarlar!$B$4+Ayarlar!$B$5)+Ayarlar!$B$8)/((1-Ayarlar!$B$6)*(1-Ayarlar!$B$7-Ayarlar!$B$9)),0)) | K584: =IF(OR(G584="",F584=""),"",(F584*(1-Ayarlar!$B$6)-(F584*(1-Ayarlar!$B$6)*Ayarlar!$B$7+Ayarlar!$B$8)-(G584*Ayarlar!$B$3+Ayarlar!$B$4+Ayarlar!$B$5))/(F584*(1-Ayarlar!$B$6))) | L584: =IF(G584="","GRAM EKSİK",IF(F584>30000,"FİYAT ŞÜPHELİ",IF(K584<0,"ZARARDA",IF(F584<I584,"RİSKLİ","ok")))) | M584: https://www.etsy.com/listing/1475151914
A585: earrings | B585: 10K Solid Gold Nugget Stud Earrings, Diamond Cut | C585: 1475151914 | D585: ENUG-3 | E585: — | F585: 258 | H585: =IF(G585="","",G585*Ayarlar!$B$3+Ayarlar!$B$4+Ayarlar!$B$5) | I585: =IF(G585="","",ROUNDUP(((G585*Ayarlar!$B$3+Ayarlar!$B$4+Ayarlar!$B$5)+Ayarlar!$B$8)/((1-Ayarlar!$B$6)*(1-Ayarlar!$B$7)),0)) | J585: =IF(G585="","",ROUNDUP(((G585*Ayarlar!$B$3+Ayarlar!$B$4+Ayarlar!$B$5)+Ayarlar!$B$8)/((1-Ayarlar!$B$6)*(1-Ayarlar!$B$7-Ayarlar!$B$9)),0)) | K585: =IF(OR(G585="",F585=""),"",(F585*(1-Ayarlar!$B$6)-(F585*(1-Ayarlar!$B$6)*Ayarlar!$B$7+Ayarlar!$B$8)-(G585*Ayarlar!$B$3+Ayarlar!$B$4+Ayarlar!$B$5))/(F585*(1-Ayarlar!$B$6))) | L585: =IF(G585="","GRAM EKSİK",IF(F585>30000,"FİYAT ŞÜPHELİ",IF(K585<0,"ZARARDA",IF(F585<I585,"RİSKLİ","ok")))) | M585: https://www.etsy.com/listing/1475151914
A586: earrings | B586: 10K Solid Gold Nugget Stud Earrings, Diamond Cut | C586: 1475151914 | D586: ENUG-4 | E586: shipstation | F586: 418 | G586: 3.4 | H586: =IF(G586="","",G586*Ayarlar!$B$3+Ayarlar!$B$4+Ayarlar!$B$5) | I586: =IF(G586="","",ROUNDUP(((G586*Ayarlar!$B$3+Ayarlar!$B$4+Ayarlar!$B$5)+Ayarlar!$B$8)/((1-Ayarlar!$B$6)*(1-Ayarlar!$B$7)),0)) | J586: =IF(G586="","",ROUNDUP(((G586*Ayarlar!$B$3+Ayarlar!$B$4+Ayarlar!$B$5)+Ayarlar!$B$8)/((1-Ayarlar!$B$6)*(1-Ayarlar!$B$7-Ayarlar!$B$9)),0)) | K586: =IF(OR(G586="",F586=""),"",(F586*(1-Ayarlar!$B$6)-(F586*(1-Ayarlar!$B$6)*Ayarlar!$B$7+Ayarlar!$B$8)-(G586*Ayarlar!$B$3+Ayarlar!$B$4+Ayarlar!$B$5))/(F586*(1-Ayarlar!$B$6))) | L586: =IF(G586="","GRAM EKSİK",IF(F586>30000,"FİYAT ŞÜPHELİ",IF(K586<0,"ZARARDA",IF(F586<I586,"RİSKLİ","ok")))) | M586: https://www.etsy.com/listing/1475151914
A587: earrings | B587: 10K Yellow Gold Hoop Earrings, Diamond Cut, All Sizes | C587: 1225508465 | D587: EH2-20 | E587: — | F587: 155.87 | H587: =IF(G587="","",G587*Ayarlar!$B$3+Ayarlar!$B$4+Ayarlar!$B$5) | I587: =IF(G587="","",ROUNDUP(((G587*Ayarlar!$B$3+Ayarlar!$B$4+Ayarlar!$B$5)+Ayarlar!$B$8)/((1-Ayarlar!$B$6)*(1-Ayarlar!$B$7)),0)) | J587: =IF(G587="","",ROUNDUP(((G587*Ayarlar!$B$3+Ayarlar!$B$4+Ayarlar!$B$5)+Ayarlar!$B$8)/((1-Ayarlar!$B$6)*(1-Ayarlar!$B$7-Ayarlar!$B$9)),0)) | K587: =IF(OR(G587="",F587=""),"",(F587*(1-Ayarlar!$B$6)-(F587*(1-Ayarlar!$B$6)*Ayarlar!$B$7+Ayarlar!$B$8)-(G587*Ayarlar!$B$3+Ayarlar!$B$4+Ayarlar!$B$5))/(F587*(1-Ayarlar!$B$6))) | L587: =IF(G587="","GRAM EKSİK",IF(F587>30000,"FİYAT ŞÜPHELİ",IF(K587<0,"ZARARDA",IF(F587<I587,"RİSKLİ","ok")))) | M587: https://www.etsy.com/listing/1225508465
A588: earrings | B588: 10K Yellow Gold Hoop Earrings, Diamond Cut, All Sizes | C588: 1225508465 | D588: EH2-25 | E588: shipstation | F588: 224 | G588: 1.88 | H588: =IF(G588="","",G588*Ayarlar!$B$3+Ayarlar!$B$4+Ayarlar!$B$5) | I588: =IF(G588="","",ROUNDUP(((G588*Ayarlar!$B$3+Ayarlar!$B$4+Ayarlar!$B$5)+Ayarlar!$B$8)/((1-Ayarlar!$B$6)*(1-Ayarlar!$B$7)),0)) | J588: =IF(G588="","",ROUNDUP(((G588*Ayarlar!$B$3+Ayarlar!$B$4+Ayarlar!$B$5)+Ayarlar!$B$8)/((1-Ayarlar!$B$6)*(1-Ayarlar!$B$7-Ayarlar!$B$9)),0)) | K588: =IF(OR(G588="",F588=""),"",(F588*(1-Ayarlar!$B$6)-(F588*(1-Ayarlar!$B$6)*Ayarlar!$B$7+Ayarlar!$B$8)-(G588*Ayarlar!$B$3+Ayarlar!$B$4+Ayarlar!$B$5))/(F588*(1-Ayarlar!$B$6))) | L588: =IF(G588="","GRAM EKSİK",IF(F588>30000,"FİYAT ŞÜPHELİ",IF(K588<0,"ZARARDA",IF(F588<I588,"RİSKLİ","ok")))) | M588: https://www.etsy.com/listing/1225508465
...

Sheet Listing Özeti
A1: Bölüm | B1: Listing | C1: Etsy ID | D1: Varyant | E1: Gramsız | F1: Min Fiyat $ | G1: Max Fiyat $ | H1: Durum | I1: Etsy Linki
A2: legacy | B2: Solid 14K Yellow Gold Miami Cuban Link Chain Necklace, Heavy | C2: 1615728651 | D2: 45 | E2: 35 | F2: 430 | G2: 49999.99 | H2: kısmen eksik | I2: https://www.etsy.com/listing/1615728651
A3: legacy | B3: 14K Real Gold Mariner Link Chain / Puffed Anchor Necklace | C3: 1390701590 | D3: 30 | E3: 20 | F3: 1941.5 | G3: 7729 | H3: kısmen eksik | I3: https://www.etsy.com/listing/1390701590
A4: legacy | B4: 14K Gold Two-Tone Pave Curb Cuban Bracelet | C4: 1877707029 | D4: 30 | E4: 17 | F4: 542 | G4: 3607 | H4: kısmen eksik | I4: https://www.etsy.com/listing/1877707029
A5: chains | B5: 14K Gold Necklace, Solid White Bead Ball Chain Design | C5: 4546907749 | D5: 15 | E5: 15 | F5: 812.7 | G5: 4295.7 | H5: TÜMÜ EKSİK | I5: https://www.etsy.com/listing/4546907749
A6: legacy | B6: Ice Out Bracelet in 10K Gold, Two Tone Diamond Cut Link | C6: 1363498864 | D6: 12 | E6: 6 | F6: 532 | G6: 1300 | H6: kısmen eksik | I6: https://www.etsy.com/listing/1363498864
A7: earrings | B7: 10K Yellow Gold Hoop Earrings, Diamond Cut, All Sizes | C7: 1225508465 | D7: 7 | E7: 3 | F7: 155.87 | G7: 505.25 | H7: kısmen eksik | I7: https://www.etsy.com/listing/1225508465
A8: protection | B8: 10K Gold Italian Horn Cornicello Pendant Necklace / Miami Cu | C8: 1435050061 | D8: 18 | E8: 3 | F8: 78.35 | G8: 573 | H8: kısmen eksik | I8: https://www.etsy.com/listing/1435050061
A9: chains | B9: Chunky 14K Yellow Gold Rope Bracelet / Unisex Statement Jewe | C9: 4296776011 | D9: 12 | E9: 2 | F9: 1431 | G9: 2031.75 | H9: kısmen eksik | I9: https://www.etsy.com/listing/4296776011
A10: earrings | B10: 10K Solid Gold Nugget Stud Earrings, Diamond Cut | C10: 1475151914 | D10: 4 | E10: 2 | F10: 145 | G10: 418 | H10: kısmen eksik | I10: https://www.etsy.com/listing/1475151914
A11: legacy | B11: 10K Real Yellow Gold Miami Cuban Link Bracelet - Unisex | C11: 1195581074 | D11: 27 | E11: 2 | F11: 158 | G11: 2918 | H11: kısmen eksik | I11: https://www.etsy.com/listing/1195581074
A12: legacy | B12: Real 14K Gold Miami Cuban Link Bracelet - Unisex Chain Jewel | C12: 4320364926 | D12: 21 | E12: 2 | F12: 195 | G12: 3634 | H12: kısmen eksik | I12: https://www.etsy.com/listing/4320364926
A13: protection | B13: 14K Gold Cornicello Necklace, Miami Cuban Chain, Italian Hor | C13: 1537611621 | D13: 48 | E13: 2 | F13: 116.1 | G13: 8192 | H13: kısmen eksik | I13: https://www.etsy.com/listing/1537611621
... A114: rings | B114: Dainty 925 Sterling Silver Tennis Bracelet, Round CZ Stone, | C114: 1454572095 | D114: 6 | E114: 0 | F114: 34.39 | G114: 38.69 | H114: tam | I114: https://www.etsy.com/listing/1454572095
